id;parent;title;description;producttype;category;style;color;size;price;thickness;fit;paper;finish;img48;img48;img150;img150;img480;img480;source;tags;tags;tags;tags
t1;;Eclipse T-Shirt (white);"<div><p class=""designerText"">100% cotton, Hanes Tagless T is preshrunk, durable and guaranteed. Featuring the Eclipse logo.</p><p class=""vendorText"">The most comfortable t-shirt ever! Our 100% cotton, Hanes Authentic Tagless T-Shirt is preshrunk, durable and guaranteed. </p><ul><li>6.1 oz. 100% cotton</li><li>Standard fit</li></ul></div>";variable-product;shirts;short arms;white;;16;4;standard;;;http://images.cafepress.com/product/10725376v11_48x48_Front.jpg;http://images.cafepress.com/product/10725376v11_48x48_Back.jpg;http://images.cafepress.com/product/10725376v11_150x150_Front.jpg;http://images.cafepress.com/product/10725376v11_150x150_Back.jpg;http://images.cafepress.com/product/10725376v11_480x480_Front.jpg;http://images.cafepress.com/product/10725376v11_480x480_Back.jpg;CafePress Eclipse Shop;shirts;short arms;cool;
t1-s;t1;;;product-variation;;;;small;;;;;;;;;;;;CafePress Eclipse Shop;;;;
t1-m;t1;;;product-variation;;;;medium;;;;;;;;;;;;CafePress Eclipse Shop;;;;
t1-l;t1;;;product-variation;;;;large;;;;;;;;;;;;CafePress Eclipse Shop;;;;
t1-xl;t1;;;product-variation;;;;X-Large;;;;;;;;;;;;CafePress Eclipse Shop;;;;
t1-xxl;t1;;;product-variation;;;;2X-Large;19;;;;;;;;;;;CafePress Eclipse Shop;;;;
t1-xxxl;t1;;;product-variation;;;;3X-Large;19;;;;;;;;;;;CafePress Eclipse Shop;;;;
t1-xxxxl;t1;;;product-variation;;;;4X-Large;19;;;;;;;;;;;CafePress Eclipse Shop;;;;
t2;;Eclipse Women's V-Neck T-Shirt;"<div><p class=""designerText"">100% cotton, Hanes Her Way-T is preshrunk, durable and guaranteed. Featuring the Eclipse logo.</p><p class=""vendorText"">Our 100% cotton, women's v-neck tee is preshrunk, durable and guaranteed.</p><ul><li>5.6 oz. 100% cotton</li><li>Standard fit</li></ul></div>";variable-product;shirts;short arms;white;;20;4;standard;;;http://images.cafepress.com/product/180812758v5_48x48_Front.jpg;http://images.cafepress.com/product/180812758v5_48x48_Back.jpg;http://images.cafepress.com/product/180812758v5_150x150_Front.jpg;http://images.cafepress.com/product/180812758v5_150x150_Back.jpg;http://images.cafepress.com/product/180812758v5_480x480_Front.jpg;http://images.cafepress.com/product/180812758v5_480x480_Back.jpg;CafePress Eclipse Shop;shirts;short arms;attractive;
t2-s;t2;;;product-variation;;;;small;;;;;;;;;;;;CafePress Eclipse Shop;;;;
t2-m;t2;;;product-variation;;;;medium;;;;;;;;;;;;CafePress Eclipse Shop;;;;
t2-l;t2;;;product-variation;;;;large;;;;;;;;;;;;CafePress Eclipse Shop;;;;
t2-xl;t2;;;product-variation;;;;X-Large;;;;;;;;;;;;CafePress Eclipse Shop;;;;
t3;;Eclipse Women's Dark T-Shirt;"<div><p class=""designerText"">100% cotton women's tee is preshrunk, durable and guaranteed. Featuring the Eclipse logo. 5.6 ox. 100% cotton. Standard fit.</p><p class=""vendorText"">Our 100% cotton women's tee is preshrunk, durable and guaranteed.</p><ul><li>5.6 oz. 100% cotton</li><li>Standard fit</li></ul></div>";variable-product;shirts;short arms;;;20;3;standard;;;http://images.cafepress.com/product/180812759v9_48x48_Front_Color-Black.jpg;;http://images.cafepress.com/product/180812759v9_150x150_Front_Color-Black.jpg;;http://images.cafepress.com/product/180812759v9_480x480_Front_Color-Black.jpg;;CafePress Eclipse Shop;shirts;short arms;attractive;
t3-black-s;t3;;;product-variation;;;black;small;;;;;;http://images.cafepress.com/product/180812759v9_48x48_Front_Color-Black.jpg;;http://images.cafepress.com/product/180812759v9_150x150_Front_Color-Black.jpg;;http://images.cafepress.com/product/180812759v9_480x480_Front_Color-Black.jpg;;CafePress Eclipse Shop;;;;
t3-black-m;t3;;;product-variation;;;black;medium;;;;;;http://images.cafepress.com/product/180812759v9_48x48_Front_Color-Black.jpg;;http://images.cafepress.com/product/180812759v9_150x150_Front_Color-Black.jpg;;http://images.cafepress.com/product/180812759v9_480x480_Front_Color-Black.jpg;;CafePress Eclipse Shop;;;;
t3-black-l;t3;;;product-variation;;;black;large;;;;;;http://images.cafepress.com/product/180812759v9_48x48_Front_Color-Black.jpg;;http://images.cafepress.com/product/180812759v9_150x150_Front_Color-Black.jpg;;http://images.cafepress.com/product/180812759v9_480x480_Front_Color-Black.jpg;;CafePress Eclipse Shop;;;;
t3-black-xl;t3;;;product-variation;;;black;X-Large;;;;;;http://images.cafepress.com/product/180812759v9_48x48_Front_Color-Black.jpg;;http://images.cafepress.com/product/180812759v9_150x150_Front_Color-Black.jpg;;http://images.cafepress.com/product/180812759v9_480x480_Front_Color-Black.jpg;;CafePress Eclipse Shop;;;;
t3-black-xxl;t3;;;product-variation;;;black;2X-Large;23;;;;;http://images.cafepress.com/product/180812759v9_48x48_Front_Color-Black.jpg;;http://images.cafepress.com/product/180812759v9_150x150_Front_Color-Black.jpg;;http://images.cafepress.com/product/180812759v9_480x480_Front_Color-Black.jpg;;CafePress Eclipse Shop;;;;
t3-red-s;t3;;;product-variation;;;red;small;;;;;;http://images.cafepress.com/product/180812759v9_48x48_Front_Color-Red.jpg;;http://images.cafepress.com/product/180812759v9_150x150_Front_Color-Red.jpg;;http://images.cafepress.com/product/180812759v9_480x480_Front_Color-Red.jpg;;CafePress Eclipse Shop;;;;
t3-red-m;t3;;;product-variation;;;red;medium;;;;;;http://images.cafepress.com/product/180812759v9_48x48_Front_Color-Red.jpg;;http://images.cafepress.com/product/180812759v9_150x150_Front_Color-Red.jpg;;http://images.cafepress.com/product/180812759v9_480x480_Front_Color-Red.jpg;;CafePress Eclipse Shop;;;;
t3-red-l;t3;;;product-variation;;;red;large;;;;;;http://images.cafepress.com/product/180812759v9_48x48_Front_Color-Red.jpg;;http://images.cafepress.com/product/180812759v9_150x150_Front_Color-Red.jpg;;http://images.cafepress.com/product/180812759v9_480x480_Front_Color-Red.jpg;;CafePress Eclipse Shop;;;;
t3-red-xl;t3;;;product-variation;;;red;X-Large;;;;;;http://images.cafepress.com/product/180812759v9_48x48_Front_Color-Red.jpg;;http://images.cafepress.com/product/180812759v9_150x150_Front_Color-Red.jpg;;http://images.cafepress.com/product/180812759v9_480x480_Front_Color-Red.jpg;;CafePress Eclipse Shop;;;;
t3-red-xxl;t3;;;product-variation;;;red;2X-Large;23;;;;;http://images.cafepress.com/product/180812759v9_48x48_Front_Color-Red.jpg;;http://images.cafepress.com/product/180812759v9_150x150_Front_Color-Red.jpg;;http://images.cafepress.com/product/180812759v9_480x480_Front_Color-Red.jpg;;CafePress Eclipse Shop;;;;
t3-carribbean-blue-s;t3;;;product-variation;;;carribbean blue;small;;;;;;http://images.cafepress.com/product/180812759v9_48x48_Front_Color-CaribbeanBlue.jpg;;http://images.cafepress.com/product/180812759v9_150x150_Front_Color-CaribbeanBlue.jpg;;http://images.cafepress.com/product/180812759v9_480x480_Front_Color-CaribbeanBlue.jpg;;CafePress Eclipse Shop;;;;
t3-carribbean-blue-m;t3;;;product-variation;;;carribbean blue;medium;;;;;;http://images.cafepress.com/product/180812759v9_48x48_Front_Color-CaribbeanBlue.jpg;;http://images.cafepress.com/product/180812759v9_150x150_Front_Color-CaribbeanBlue.jpg;;http://images.cafepress.com/product/180812759v9_480x480_Front_Color-CaribbeanBlue.jpg;;CafePress Eclipse Shop;;;;
t3-carribbean-blue-l;t3;;;product-variation;;;carribbean blue;large;;;;;;http://images.cafepress.com/product/180812759v9_48x48_Front_Color-CaribbeanBlue.jpg;;http://images.cafepress.com/product/180812759v9_150x150_Front_Color-CaribbeanBlue.jpg;;http://images.cafepress.com/product/180812759v9_480x480_Front_Color-CaribbeanBlue.jpg;;CafePress Eclipse Shop;;;;
t3-carribbean-blue-xl;t3;;;product-variation;;;carribbean blue;X-Large;;;;;;http://images.cafepress.com/product/180812759v9_48x48_Front_Color-CaribbeanBlue.jpg;;http://images.cafepress.com/product/180812759v9_150x150_Front_Color-CaribbeanBlue.jpg;;http://images.cafepress.com/product/180812759v9_480x480_Front_Color-CaribbeanBlue.jpg;;CafePress Eclipse Shop;;;;
t3-carribbean-blue-xxl;t3;;;product-variation;;;carribbean blue;2X-Large;23;;;;;http://images.cafepress.com/product/180812759v9_48x48_Front_Color-CaribbeanBlue.jpg;;http://images.cafepress.com/product/180812759v9_150x150_Front_Color-CaribbeanBlue.jpg;;http://images.cafepress.com/product/180812759v9_480x480_Front_Color-CaribbeanBlue.jpg;;CafePress Eclipse Shop;;;;
t3-violet-s;t3;;;product-variation;;;violet;small;;;;;;http://images.cafepress.com/product/180812759v9_48x48_Front_Color-Violet.jpg;;http://images.cafepress.com/product/180812759v9_150x150_Front_Color-Violet.jpg;;http://images.cafepress.com/product/180812759v9_480x480_Front_Color-Violet.jpg;;CafePress Eclipse Shop;;;;
t3-violet-m;t3;;;product-variation;;;violet;medium;;;;;;http://images.cafepress.com/product/180812759v9_48x48_Front_Color-Violet.jpg;;http://images.cafepress.com/product/180812759v9_150x150_Front_Color-Violet.jpg;;http://images.cafepress.com/product/180812759v9_480x480_Front_Color-Violet.jpg;;CafePress Eclipse Shop;;;;
t3-violet-l;t3;;;product-variation;;;violet;large;;;;;;http://images.cafepress.com/product/180812759v9_48x48_Front_Color-Violet.jpg;;http://images.cafepress.com/product/180812759v9_150x150_Front_Color-Violet.jpg;;http://images.cafepress.com/product/180812759v9_480x480_Front_Color-Violet.jpg;;CafePress Eclipse Shop;;;;
t3-violet-xl;t3;;;product-variation;;;violet;X-Large;;;;;;http://images.cafepress.com/product/180812759v9_48x48_Front_Color-Violet.jpg;;http://images.cafepress.com/product/180812759v9_150x150_Front_Color-Violet.jpg;;http://images.cafepress.com/product/180812759v9_480x480_Front_Color-Violet.jpg;;CafePress Eclipse Shop;;;;
t3-violet-xxl;t3;;;product-variation;;;violet;2X-Large;23;;;;;http://images.cafepress.com/product/180812759v9_48x48_Front_Color-Violet.jpg;;http://images.cafepress.com/product/180812759v9_150x150_Front_Color-Violet.jpg;;http://images.cafepress.com/product/180812759v9_480x480_Front_Color-Violet.jpg;;CafePress Eclipse Shop;;;;
t4;;Eclipse Golf Shirt;"<div><p class=""designerText"">Anvil golf shirt made of 7.1 oz 100% preshrunk, mid-weight cotton, featuring the Eclipse logo. Soft fashion knit collar and rib sleeve bands. Three woodtone buttons on a clean finished placket.</p><p class=""vendorText"">Tee off in casual style. Our golf-style, collared t-shirt is a comfortable, lightweight way to play 18-holes and beat the heat. Features, stylish wood-tone buttons, yet it feels like wearing your favorite t-shirt. Dress it up or down. Throw a blazer over later for country club mingling. Great for layering. </p><ul><li>Mid-weight Golf Shirt</li><li>7.1 oz preshrunk 100% Jersey Cotton</li><li>Knit collar with banded sleeves</li><li>Three woodtone buttons</li></ul></div>";variable-product;shirts;short arms;white;;20;5;standard;;;http://images.cafepress.com/product/180812760v4_48x48_Front.jpg;http://images.cafepress.com/product/180812760v4_48x48_Back.jpg;http://images.cafepress.com/product/180812760v4_150x150_Front.jpg;http://images.cafepress.com/product/180812760v4_150x150_Back.jpg;http://images.cafepress.com/product/180812760v4_480x480_Front.jpg;http://images.cafepress.com/product/180812760v4_480x480_Back.jpg;CafePress Eclipse Shop;shirts;short arms;golf;
t4-s;t4;;;product-variation;;;;small;;;;;;;;;;;;CafePress Eclipse Shop;;;;
t4-m;t4;;;product-variation;;;;medium;;;;;;;;;;;;CafePress Eclipse Shop;;;;
t4-l;t4;;;product-variation;;;;large;;;;;;;;;;;;CafePress Eclipse Shop;;;;
t4-xl;t4;;;product-variation;;;;X-Large;;;;;;;;;;;;CafePress Eclipse Shop;;;;
t4-xxl;t4;;;product-variation;;;;2X-Large;23;;;;;;;;;;;CafePress Eclipse Shop;;;;
t5;;Eclipse Dark T-Shirt;"<div><p class=""designerText"">Durable, high-quality, pre-shrunk 100% cotton t-shirt featuring the Eclipse logo. Guaranteed. 5.6 ox. 100% cotton. Standard fit.</p><p class=""vendorText"">Look cool without breaking the bank. Our durable, high-quality, pre-shrunk 100% cotton t-shirt is what to wear when you want to go comfortably casual. Preshrunk, durable and guaranteed.</p><ul><li>5.6 oz. 100% cotton</li><li>Standard fit</li></ul></div>";variable-product;shirts;short arms;;;20;4;standard;;;http://images.cafepress.com/product/180812761v7_48x48_Front_Color-Black.jpg;;http://images.cafepress.com/product/180812761v7_150x150_Front_Color-Black.jpg;;http://images.cafepress.com/product/180812761v7_480x480_Front_Color-Black.jpg;;CafePress Eclipse Shop;shirts;short arms;dark;
t5-black-s;t5;;;product-variation;;;black;small;;;;;;http://images.cafepress.com/product/180812761v7_48x48_Front_Color-Black.jpg;;http://images.cafepress.com/product/180812761v7_150x150_Front_Color-Black.jpg;;http://images.cafepress.com/product/180812761v7_480x480_Front_Color-Black.jpg;;CafePress Eclipse Shop;;;;
t5-black-m;t5;;;product-variation;;;black;medium;;;;;;http://images.cafepress.com/product/180812761v7_48x48_Front_Color-Black.jpg;;http://images.cafepress.com/product/180812761v7_150x150_Front_Color-Black.jpg;;http://images.cafepress.com/product/180812761v7_480x480_Front_Color-Black.jpg;;CafePress Eclipse Shop;;;;
t5-black-l;t5;;;product-variation;;;black;large;;;;;;http://images.cafepress.com/product/180812761v7_48x48_Front_Color-Black.jpg;;http://images.cafepress.com/product/180812761v7_150x150_Front_Color-Black.jpg;;http://images.cafepress.com/product/180812761v7_480x480_Front_Color-Black.jpg;;CafePress Eclipse Shop;;;;
t5-black-xl;t5;;;product-variation;;;black;X-Large;;;;;;http://images.cafepress.com/product/180812761v7_48x48_Front_Color-Black.jpg;;http://images.cafepress.com/product/180812761v7_150x150_Front_Color-Black.jpg;;http://images.cafepress.com/product/180812761v7_480x480_Front_Color-Black.jpg;;CafePress Eclipse Shop;;;;
t5-black-xxl;t5;;;product-variation;;;black;2X-Large;23;;;;;http://images.cafepress.com/product/180812761v7_48x48_Front_Color-Black.jpg;;http://images.cafepress.com/product/180812761v7_150x150_Front_Color-Black.jpg;;http://images.cafepress.com/product/180812761v7_480x480_Front_Color-Black.jpg;;CafePress Eclipse Shop;;;;
t5-black-xxxl;t5;;;product-variation;;;black;3X-Large;23;;;;;http://images.cafepress.com/product/180812761v7_48x48_Front_Color-Black.jpg;;http://images.cafepress.com/product/180812761v7_150x150_Front_Color-Black.jpg;;http://images.cafepress.com/product/180812761v7_480x480_Front_Color-Black.jpg;;CafePress Eclipse Shop;;;;
t5-cardinal-s;t5;;;product-variation;;;cardinal;small;;;;;;http://images.cafepress.com/product/180812761v7_48x48_Front_Color-Cardinal.jpg;;http://images.cafepress.com/product/180812761v7_150x150_Front_Color-Cardinal.jpg;;http://images.cafepress.com/product/180812761v7_480x480_Front_Color-Cardinal.jpg;;CafePress Eclipse Shop;;;;
t5-cardinal-m;t5;;;product-variation;;;cardinal;medium;;;;;;http://images.cafepress.com/product/180812761v7_48x48_Front_Color-Cardinal.jpg;;http://images.cafepress.com/product/180812761v7_150x150_Front_Color-Cardinal.jpg;;http://images.cafepress.com/product/180812761v7_480x480_Front_Color-Cardinal.jpg;;CafePress Eclipse Shop;;;;
t5-cardinal-l;t5;;;product-variation;;;cardinal;large;;;;;;http://images.cafepress.com/product/180812761v7_48x48_Front_Color-Cardinal.jpg;;http://images.cafepress.com/product/180812761v7_150x150_Front_Color-Cardinal.jpg;;http://images.cafepress.com/product/180812761v7_480x480_Front_Color-Cardinal.jpg;;CafePress Eclipse Shop;;;;
t5-cardinal-xl;t5;;;product-variation;;;cardinal;X-Large;;;;;;http://images.cafepress.com/product/180812761v7_48x48_Front_Color-Cardinal.jpg;;http://images.cafepress.com/product/180812761v7_150x150_Front_Color-Cardinal.jpg;;http://images.cafepress.com/product/180812761v7_480x480_Front_Color-Cardinal.jpg;;CafePress Eclipse Shop;;;;
t5-cardinal-xxl;t5;;;product-variation;;;cardinal;2X-Large;23;;;;;http://images.cafepress.com/product/180812761v7_48x48_Front_Color-Cardinal.jpg;;http://images.cafepress.com/product/180812761v7_150x150_Front_Color-Cardinal.jpg;;http://images.cafepress.com/product/180812761v7_480x480_Front_Color-Cardinal.jpg;;CafePress Eclipse Shop;;;;
t5-cardinal-xxxl;t5;;;product-variation;;;cardinal;3X-Large;23;;;;;http://images.cafepress.com/product/180812761v7_48x48_Front_Color-Cardinal.jpg;;http://images.cafepress.com/product/180812761v7_150x150_Front_Color-Cardinal.jpg;;http://images.cafepress.com/product/180812761v7_480x480_Front_Color-Cardinal.jpg;;CafePress Eclipse Shop;;;;
t5-navy-s;t5;;;product-variation;;;navy;small;;;;;;http://images.cafepress.com/product/180812761v7_48x48_Front_Color-Navy.jpg;;http://images.cafepress.com/product/180812761v7_150x150_Front_Color-Navy.jpg;;http://images.cafepress.com/product/180812761v7_480x480_Front_Color-Navy.jpg;;CafePress Eclipse Shop;;;;
t5-navy-m;t5;;;product-variation;;;navy;medium;;;;;;http://images.cafepress.com/product/180812761v7_48x48_Front_Color-Navy.jpg;;http://images.cafepress.com/product/180812761v7_150x150_Front_Color-Navy.jpg;;http://images.cafepress.com/product/180812761v7_480x480_Front_Color-Navy.jpg;;CafePress Eclipse Shop;;;;
t5-navy-l;t5;;;product-variation;;;navy;large;;;;;;http://images.cafepress.com/product/180812761v7_48x48_Front_Color-Navy.jpg;;http://images.cafepress.com/product/180812761v7_150x150_Front_Color-Navy.jpg;;http://images.cafepress.com/product/180812761v7_480x480_Front_Color-Navy.jpg;;CafePress Eclipse Shop;;;;
t5-navy-xl;t5;;;product-variation;;;navy;X-Large;;;;;;http://images.cafepress.com/product/180812761v7_48x48_Front_Color-Navy.jpg;;http://images.cafepress.com/product/180812761v7_150x150_Front_Color-Navy.jpg;;http://images.cafepress.com/product/180812761v7_480x480_Front_Color-Navy.jpg;;CafePress Eclipse Shop;;;;
t5-navy-xxl;t5;;;product-variation;;;navy;2X-Large;23;;;;;http://images.cafepress.com/product/180812761v7_48x48_Front_Color-Navy.jpg;;http://images.cafepress.com/product/180812761v7_150x150_Front_Color-Navy.jpg;;http://images.cafepress.com/product/180812761v7_480x480_Front_Color-Navy.jpg;;CafePress Eclipse Shop;;;;
t5-navy-xxxl;t5;;;product-variation;;;navy;3X-Large;23;;;;;http://images.cafepress.com/product/180812761v7_48x48_Front_Color-Navy.jpg;;http://images.cafepress.com/product/180812761v7_150x150_Front_Color-Navy.jpg;;http://images.cafepress.com/product/180812761v7_480x480_Front_Color-Navy.jpg;;CafePress Eclipse Shop;;;;
t5-military-green-s;t5;;;product-variation;;;military green;small;;;;;;http://images.cafepress.com/product/180812761v7_48x48_Front_Color-MilitaryGreen.jpg;;http://images.cafepress.com/product/180812761v7_150x150_Front_Color-MilitaryGreen.jpg;;http://images.cafepress.com/product/180812761v7_480x480_Front_Color-MilitaryGreen.jpg;;CafePress Eclipse Shop;;;;
t5-military-green-m;t5;;;product-variation;;;military green;medium;;;;;;http://images.cafepress.com/product/180812761v7_48x48_Front_Color-MilitaryGreen.jpg;;http://images.cafepress.com/product/180812761v7_150x150_Front_Color-MilitaryGreen.jpg;;http://images.cafepress.com/product/180812761v7_480x480_Front_Color-MilitaryGreen.jpg;;CafePress Eclipse Shop;;;;
t5-military-green-l;t5;;;product-variation;;;military green;large;;;;;;http://images.cafepress.com/product/180812761v7_48x48_Front_Color-MilitaryGreen.jpg;;http://images.cafepress.com/product/180812761v7_150x150_Front_Color-MilitaryGreen.jpg;;http://images.cafepress.com/product/180812761v7_480x480_Front_Color-MilitaryGreen.jpg;;CafePress Eclipse Shop;;;;
t5-military-green-xl;t5;;;product-variation;;;military green;X-Large;;;;;;http://images.cafepress.com/product/180812761v7_48x48_Front_Color-MilitaryGreen.jpg;;http://images.cafepress.com/product/180812761v7_150x150_Front_Color-MilitaryGreen.jpg;;http://images.cafepress.com/product/180812761v7_480x480_Front_Color-MilitaryGreen.jpg;;CafePress Eclipse Shop;;;;
t5-military-green-xxl;t5;;;product-variation;;;military green;2X-Large;23;;;;;http://images.cafepress.com/product/180812761v7_48x48_Front_Color-MilitaryGreen.jpg;;http://images.cafepress.com/product/180812761v7_150x150_Front_Color-MilitaryGreen.jpg;;http://images.cafepress.com/product/180812761v7_480x480_Front_Color-MilitaryGreen.jpg;;CafePress Eclipse Shop;;;;
t5-military-green-xxxl;t5;;;product-variation;;;military green;3X-Large;23;;;;;http://images.cafepress.com/product/180812761v7_48x48_Front_Color-MilitaryGreen.jpg;;http://images.cafepress.com/product/180812761v7_150x150_Front_Color-MilitaryGreen.jpg;;http://images.cafepress.com/product/180812761v7_480x480_Front_Color-MilitaryGreen.jpg;;CafePress Eclipse Shop;;;;
t5-red-s;t5;;;product-variation;;;red;small;;;;;;http://images.cafepress.com/product/180812761v7_48x48_Front_Color-Red.jpg;;http://images.cafepress.com/product/180812761v7_150x150_Front_Color-Red.jpg;;http://images.cafepress.com/product/180812761v7_480x480_Front_Color-Red.jpg;;CafePress Eclipse Shop;;;;
t5-red-m;t5;;;product-variation;;;red;medium;;;;;;http://images.cafepress.com/product/180812761v7_48x48_Front_Color-Red.jpg;;http://images.cafepress.com/product/180812761v7_150x150_Front_Color-Red.jpg;;http://images.cafepress.com/product/180812761v7_480x480_Front_Color-Red.jpg;;CafePress Eclipse Shop;;;;
t5-red-l;t5;;;product-variation;;;red;large;;;;;;http://images.cafepress.com/product/180812761v7_48x48_Front_Color-Red.jpg;;http://images.cafepress.com/product/180812761v7_150x150_Front_Color-Red.jpg;;http://images.cafepress.com/product/180812761v7_480x480_Front_Color-Red.jpg;;CafePress Eclipse Shop;;;;
t5-red-xl;t5;;;product-variation;;;red;X-Large;;;;;;http://images.cafepress.com/product/180812761v7_48x48_Front_Color-Red.jpg;;http://images.cafepress.com/product/180812761v7_150x150_Front_Color-Red.jpg;;http://images.cafepress.com/product/180812761v7_480x480_Front_Color-Red.jpg;;CafePress Eclipse Shop;;;;
t5-red-xxl;t5;;;product-variation;;;red;2X-Large;23;;;;;http://images.cafepress.com/product/180812761v7_48x48_Front_Color-Red.jpg;;http://images.cafepress.com/product/180812761v7_150x150_Front_Color-Red.jpg;;http://images.cafepress.com/product/180812761v7_480x480_Front_Color-Red.jpg;;CafePress Eclipse Shop;;;;
t5-red-xxxl;t5;;;product-variation;;;red;3X-Large;23;;;;;http://images.cafepress.com/product/180812761v7_48x48_Front_Color-Red.jpg;;http://images.cafepress.com/product/180812761v7_150x150_Front_Color-Red.jpg;;http://images.cafepress.com/product/180812761v7_480x480_Front_Color-Red.jpg;;CafePress Eclipse Shop;;;;
t5-royal-s;t5;;;product-variation;;;royal;small;;;;;;http://images.cafepress.com/product/180812761v7_48x48_Front_Color-Royal.jpg;;http://images.cafepress.com/product/180812761v7_150x150_Front_Color-Royal.jpg;;http://images.cafepress.com/product/180812761v7_480x480_Front_Color-Royal.jpg;;CafePress Eclipse Shop;;;;
t5-royal-m;t5;;;product-variation;;;royal;medium;;;;;;http://images.cafepress.com/product/180812761v7_48x48_Front_Color-Royal.jpg;;http://images.cafepress.com/product/180812761v7_150x150_Front_Color-Royal.jpg;;http://images.cafepress.com/product/180812761v7_480x480_Front_Color-Royal.jpg;;CafePress Eclipse Shop;;;;
t5-royal-l;t5;;;product-variation;;;royal;large;;;;;;http://images.cafepress.com/product/180812761v7_48x48_Front_Color-Royal.jpg;;http://images.cafepress.com/product/180812761v7_150x150_Front_Color-Royal.jpg;;http://images.cafepress.com/product/180812761v7_480x480_Front_Color-Royal.jpg;;CafePress Eclipse Shop;;;;
t5-royal-xl;t5;;;product-variation;;;royal;X-Large;;;;;;http://images.cafepress.com/product/180812761v7_48x48_Front_Color-Royal.jpg;;http://images.cafepress.com/product/180812761v7_150x150_Front_Color-Royal.jpg;;http://images.cafepress.com/product/180812761v7_480x480_Front_Color-Royal.jpg;;CafePress Eclipse Shop;;;;
t5-royal-xxl;t5;;;product-variation;;;royal;2X-Large;23;;;;;http://images.cafepress.com/product/180812761v7_48x48_Front_Color-Royal.jpg;;http://images.cafepress.com/product/180812761v7_150x150_Front_Color-Royal.jpg;;http://images.cafepress.com/product/180812761v7_480x480_Front_Color-Royal.jpg;;CafePress Eclipse Shop;;;;
t5-royal-xxxl;t5;;;product-variation;;;royal;3X-Large;23;;;;;http://images.cafepress.com/product/180812761v7_48x48_Front_Color-Royal.jpg;;http://images.cafepress.com/product/180812761v7_150x150_Front_Color-Royal.jpg;;http://images.cafepress.com/product/180812761v7_480x480_Front_Color-Royal.jpg;;CafePress Eclipse Shop;;;;
t5-brown-s;t5;;;product-variation;;;brown;small;;;;;;http://images.cafepress.com/product/180812761v7_48x48_Front_Color-Brown.jpg;;http://images.cafepress.com/product/180812761v7_150x150_Front_Color-Brown.jpg;;http://images.cafepress.com/product/180812761v7_480x480_Front_Color-Brown.jpg;;CafePress Eclipse Shop;;;;
t5-brown-m;t5;;;product-variation;;;brown;medium;;;;;;http://images.cafepress.com/product/180812761v7_48x48_Front_Color-Brown.jpg;;http://images.cafepress.com/product/180812761v7_150x150_Front_Color-Brown.jpg;;http://images.cafepress.com/product/180812761v7_480x480_Front_Color-Brown.jpg;;CafePress Eclipse Shop;;;;
t5-brown-l;t5;;;product-variation;;;brown;large;;;;;;http://images.cafepress.com/product/180812761v7_48x48_Front_Color-Brown.jpg;;http://images.cafepress.com/product/180812761v7_150x150_Front_Color-Brown.jpg;;http://images.cafepress.com/product/180812761v7_480x480_Front_Color-Brown.jpg;;CafePress Eclipse Shop;;;;
t5-brown-xl;t5;;;product-variation;;;brown;X-Large;;;;;;http://images.cafepress.com/product/180812761v7_48x48_Front_Color-Brown.jpg;;http://images.cafepress.com/product/180812761v7_150x150_Front_Color-Brown.jpg;;http://images.cafepress.com/product/180812761v7_480x480_Front_Color-Brown.jpg;;CafePress Eclipse Shop;;;;
t5-brown-xxl;t5;;;product-variation;;;brown;2X-Large;23;;;;;http://images.cafepress.com/product/180812761v7_48x48_Front_Color-Brown.jpg;;http://images.cafepress.com/product/180812761v7_150x150_Front_Color-Brown.jpg;;http://images.cafepress.com/product/180812761v7_480x480_Front_Color-Brown.jpg;;CafePress Eclipse Shop;;;;
t5-brown-xxxl;t5;;;product-variation;;;brown;3X-Large;23;;;;;http://images.cafepress.com/product/180812761v7_48x48_Front_Color-Brown.jpg;;http://images.cafepress.com/product/180812761v7_150x150_Front_Color-Brown.jpg;;http://images.cafepress.com/product/180812761v7_480x480_Front_Color-Brown.jpg;;CafePress Eclipse Shop;;;;
t5-charcoal-s;t5;;;product-variation;;;charcoal;small;;;;;;http://images.cafepress.com/product/180812761v7_48x48_Front_Color-Charcoal.jpg;;http://images.cafepress.com/product/180812761v7_150x150_Front_Color-Charcoal.jpg;;http://images.cafepress.com/product/180812761v7_480x480_Front_Color-Charcoal.jpg;;CafePress Eclipse Shop;;;;
t5-charcoal-m;t5;;;product-variation;;;charcoal;medium;;;;;;http://images.cafepress.com/product/180812761v7_48x48_Front_Color-Charcoal.jpg;;http://images.cafepress.com/product/180812761v7_150x150_Front_Color-Charcoal.jpg;;http://images.cafepress.com/product/180812761v7_480x480_Front_Color-Charcoal.jpg;;CafePress Eclipse Shop;;;;
t5-charcoal-l;t5;;;product-variation;;;charcoal;large;;;;;;http://images.cafepress.com/product/180812761v7_48x48_Front_Color-Charcoal.jpg;;http://images.cafepress.com/product/180812761v7_150x150_Front_Color-Charcoal.jpg;;http://images.cafepress.com/product/180812761v7_480x480_Front_Color-Charcoal.jpg;;CafePress Eclipse Shop;;;;
t5-charcoal-xl;t5;;;product-variation;;;charcoal;X-Large;;;;;;http://images.cafepress.com/product/180812761v7_48x48_Front_Color-Charcoal.jpg;;http://images.cafepress.com/product/180812761v7_150x150_Front_Color-Charcoal.jpg;;http://images.cafepress.com/product/180812761v7_480x480_Front_Color-Charcoal.jpg;;CafePress Eclipse Shop;;;;
t5-charcoal-xxl;t5;;;product-variation;;;charcoal;2X-Large;23;;;;;http://images.cafepress.com/product/180812761v7_48x48_Front_Color-Charcoal.jpg;;http://images.cafepress.com/product/180812761v7_150x150_Front_Color-Charcoal.jpg;;http://images.cafepress.com/product/180812761v7_480x480_Front_Color-Charcoal.jpg;;CafePress Eclipse Shop;;;;
t5-charcoal-xxxl;t5;;;product-variation;;;charcoal;3X-Large;23;;;;;http://images.cafepress.com/product/180812761v7_48x48_Front_Color-Charcoal.jpg;;http://images.cafepress.com/product/180812761v7_150x150_Front_Color-Charcoal.jpg;;http://images.cafepress.com/product/180812761v7_480x480_Front_Color-Charcoal.jpg;;CafePress Eclipse Shop;;;;
t6;;Eclipse T-Shirt (light color);"<div><p class=""designerText"">Durable, high-quality, pre-shrunk 100% cotton t-shirt featuring the Eclipse logo. Guaranteed.</p><p class=""vendorText"">Look cool without breaking the bank.  Our durable, high-quality, pre-shrunk 100% cotton t-shirt is what to wear when you want to go comfortably casual. Preshrunk, durable and guaranteed. </p><ul><li>5.6 oz. 100% cotton</li><li>Standard fit</li></ul></div>";variable-product;shirts;short arms;;;20;4;standard;;;http://images.cafepress.com/product/180812762v5_48x48_Front_Color-AshGrey.jpg;http://images.cafepress.com/product/180812762v5_48x48_Back_Color-AshGrey.jpg;http://images.cafepress.com/product/180812762v5_150x150_Front_Color-AshGrey.jpg;http://images.cafepress.com/product/180812762v5_150x150_Back_Color-AshGrey.jpg;http://images.cafepress.com/product/180812762v5_480x480_Front_Color-AshGrey.jpg;http://images.cafepress.com/product/180812762v5_480x480_Back_Color-AshGrey.jpg;CafePress Eclipse Shop;shirts;short arms;pleasant;
t6-ash-grey-s;t6;;;product-variation;;;ash grey;small;;;;;;http://images.cafepress.com/product/180812762v5_48x48_Front_Color-AshGrey.jpg;http://images.cafepress.com/product/180812762v5_48x48_Back_Color-AshGrey.jpg;http://images.cafepress.com/product/180812762v5_150x150_Front_Color-AshGrey.jpg;http://images.cafepress.com/product/180812762v5_150x150_Back_Color-AshGrey.jpg;http://images.cafepress.com/product/180812762v5_480x480_Front_Color-AshGrey.jpg;http://images.cafepress.com/product/180812762v5_480x480_Back_Color-AshGrey.jpg;CafePress Eclipse Shop;;;;
t6-ash-grey-m;t6;;;product-variation;;;ash grey;medium;;;;;;http://images.cafepress.com/product/180812762v5_48x48_Front_Color-AshGrey.jpg;http://images.cafepress.com/product/180812762v5_48x48_Back_Color-AshGrey.jpg;http://images.cafepress.com/product/180812762v5_150x150_Front_Color-AshGrey.jpg;http://images.cafepress.com/product/180812762v5_150x150_Back_Color-AshGrey.jpg;http://images.cafepress.com/product/180812762v5_480x480_Front_Color-AshGrey.jpg;http://images.cafepress.com/product/180812762v5_480x480_Back_Color-AshGrey.jpg;CafePress Eclipse Shop;;;;
t6-ash-grey-l;t6;;;product-variation;;;ash grey;large;;;;;;http://images.cafepress.com/product/180812762v5_48x48_Front_Color-AshGrey.jpg;http://images.cafepress.com/product/180812762v5_48x48_Back_Color-AshGrey.jpg;http://images.cafepress.com/product/180812762v5_150x150_Front_Color-AshGrey.jpg;http://images.cafepress.com/product/180812762v5_150x150_Back_Color-AshGrey.jpg;http://images.cafepress.com/product/180812762v5_480x480_Front_Color-AshGrey.jpg;http://images.cafepress.com/product/180812762v5_480x480_Back_Color-AshGrey.jpg;CafePress Eclipse Shop;;;;
t6-ash-grey-xl;t6;;;product-variation;;;ash grey;X-Large;;;;;;http://images.cafepress.com/product/180812762v5_48x48_Front_Color-AshGrey.jpg;http://images.cafepress.com/product/180812762v5_48x48_Back_Color-AshGrey.jpg;http://images.cafepress.com/product/180812762v5_150x150_Front_Color-AshGrey.jpg;http://images.cafepress.com/product/180812762v5_150x150_Back_Color-AshGrey.jpg;http://images.cafepress.com/product/180812762v5_480x480_Front_Color-AshGrey.jpg;http://images.cafepress.com/product/180812762v5_480x480_Back_Color-AshGrey.jpg;CafePress Eclipse Shop;;;;
t6-ash-grey-xxl;t6;;;product-variation;;;ash grey;2X-Large;23;;;;;http://images.cafepress.com/product/180812762v5_48x48_Front_Color-AshGrey.jpg;http://images.cafepress.com/product/180812762v5_48x48_Back_Color-AshGrey.jpg;http://images.cafepress.com/product/180812762v5_150x150_Front_Color-AshGrey.jpg;http://images.cafepress.com/product/180812762v5_150x150_Back_Color-AshGrey.jpg;http://images.cafepress.com/product/180812762v5_480x480_Front_Color-AshGrey.jpg;http://images.cafepress.com/product/180812762v5_480x480_Back_Color-AshGrey.jpg;CafePress Eclipse Shop;;;;
t6-ash-grey-xxxl;t6;;;product-variation;;;ash grey;3X-Large;23;;;;;http://images.cafepress.com/product/180812762v5_48x48_Front_Color-AshGrey.jpg;http://images.cafepress.com/product/180812762v5_48x48_Back_Color-AshGrey.jpg;http://images.cafepress.com/product/180812762v5_150x150_Front_Color-AshGrey.jpg;http://images.cafepress.com/product/180812762v5_150x150_Back_Color-AshGrey.jpg;http://images.cafepress.com/product/180812762v5_480x480_Front_Color-AshGrey.jpg;http://images.cafepress.com/product/180812762v5_480x480_Back_Color-AshGrey.jpg;CafePress Eclipse Shop;;;;
t6-natural-s;t6;;;product-variation;;;natural;small;;;;;;http://images.cafepress.com/product/180812762v5_48x48_Front_Color-Natural.jpg;http://images.cafepress.com/product/180812762v5_48x48_Back_Color-Natural.jpg;http://images.cafepress.com/product/180812762v5_150x150_Front_Color-Natural.jpg;http://images.cafepress.com/product/180812762v5_150x150_Back_Color-Natural.jpg;http://images.cafepress.com/product/180812762v5_480x480_Front_Color-Natural.jpg;http://images.cafepress.com/product/180812762v5_480x480_Back_Color-Natural.jpg;CafePress Eclipse Shop;;;;
t6-natural-m;t6;;;product-variation;;;natural;medium;;;;;;http://images.cafepress.com/product/180812762v5_48x48_Front_Color-Natural.jpg;http://images.cafepress.com/product/180812762v5_48x48_Back_Color-Natural.jpg;http://images.cafepress.com/product/180812762v5_150x150_Front_Color-Natural.jpg;http://images.cafepress.com/product/180812762v5_150x150_Back_Color-Natural.jpg;http://images.cafepress.com/product/180812762v5_480x480_Front_Color-Natural.jpg;http://images.cafepress.com/product/180812762v5_480x480_Back_Color-Natural.jpg;CafePress Eclipse Shop;;;;
t6-natural-l;t6;;;product-variation;;;natural;large;;;;;;http://images.cafepress.com/product/180812762v5_48x48_Front_Color-Natural.jpg;http://images.cafepress.com/product/180812762v5_48x48_Back_Color-Natural.jpg;http://images.cafepress.com/product/180812762v5_150x150_Front_Color-Natural.jpg;http://images.cafepress.com/product/180812762v5_150x150_Back_Color-Natural.jpg;http://images.cafepress.com/product/180812762v5_480x480_Front_Color-Natural.jpg;http://images.cafepress.com/product/180812762v5_480x480_Back_Color-Natural.jpg;CafePress Eclipse Shop;;;;
t6-natural-xl;t6;;;product-variation;;;natural;X-Large;;;;;;http://images.cafepress.com/product/180812762v5_48x48_Front_Color-Natural.jpg;http://images.cafepress.com/product/180812762v5_48x48_Back_Color-Natural.jpg;http://images.cafepress.com/product/180812762v5_150x150_Front_Color-Natural.jpg;http://images.cafepress.com/product/180812762v5_150x150_Back_Color-Natural.jpg;http://images.cafepress.com/product/180812762v5_480x480_Front_Color-Natural.jpg;http://images.cafepress.com/product/180812762v5_480x480_Back_Color-Natural.jpg;CafePress Eclipse Shop;;;;
t6-natural-xxl;t6;;;product-variation;;;natural;2X-Large;23;;;;;http://images.cafepress.com/product/180812762v5_48x48_Front_Color-Natural.jpg;http://images.cafepress.com/product/180812762v5_48x48_Back_Color-Natural.jpg;http://images.cafepress.com/product/180812762v5_150x150_Front_Color-Natural.jpg;http://images.cafepress.com/product/180812762v5_150x150_Back_Color-Natural.jpg;http://images.cafepress.com/product/180812762v5_480x480_Front_Color-Natural.jpg;http://images.cafepress.com/product/180812762v5_480x480_Back_Color-Natural.jpg;CafePress Eclipse Shop;;;;
t6-natural-xxxl;t6;;;product-variation;;;natural;3X-Large;23;;;;;http://images.cafepress.com/product/180812762v5_48x48_Front_Color-Natural.jpg;http://images.cafepress.com/product/180812762v5_48x48_Back_Color-Natural.jpg;http://images.cafepress.com/product/180812762v5_150x150_Front_Color-Natural.jpg;http://images.cafepress.com/product/180812762v5_150x150_Back_Color-Natural.jpg;http://images.cafepress.com/product/180812762v5_480x480_Front_Color-Natural.jpg;http://images.cafepress.com/product/180812762v5_480x480_Back_Color-Natural.jpg;CafePress Eclipse Shop;;;;
t6-light-blue-s;t6;;;product-variation;;;light blue;small;;;;;;http://images.cafepress.com/product/180812762v5_48x48_Front_Color-LightBlue.jpg;http://images.cafepress.com/product/180812762v5_48x48_Back_Color-LightBlue.jpg;http://images.cafepress.com/product/180812762v5_150x150_Front_Color-LightBlue.jpg;http://images.cafepress.com/product/180812762v5_150x150_Back_Color-LightBlue.jpg;http://images.cafepress.com/product/180812762v5_480x480_Front_Color-LightBlue.jpg;http://images.cafepress.com/product/180812762v5_480x480_Back_Color-LightBlue.jpg;CafePress Eclipse Shop;;;;
t6-light-blue-m;t6;;;product-variation;;;light blue;medium;;;;;;http://images.cafepress.com/product/180812762v5_48x48_Front_Color-LightBlue.jpg;http://images.cafepress.com/product/180812762v5_48x48_Back_Color-LightBlue.jpg;http://images.cafepress.com/product/180812762v5_150x150_Front_Color-LightBlue.jpg;http://images.cafepress.com/product/180812762v5_150x150_Back_Color-LightBlue.jpg;http://images.cafepress.com/product/180812762v5_480x480_Front_Color-LightBlue.jpg;http://images.cafepress.com/product/180812762v5_480x480_Back_Color-LightBlue.jpg;CafePress Eclipse Shop;;;;
t6-light-blue-l;t6;;;product-variation;;;light blue;large;;;;;;http://images.cafepress.com/product/180812762v5_48x48_Front_Color-LightBlue.jpg;http://images.cafepress.com/product/180812762v5_48x48_Back_Color-LightBlue.jpg;http://images.cafepress.com/product/180812762v5_150x150_Front_Color-LightBlue.jpg;http://images.cafepress.com/product/180812762v5_150x150_Back_Color-LightBlue.jpg;http://images.cafepress.com/product/180812762v5_480x480_Front_Color-LightBlue.jpg;http://images.cafepress.com/product/180812762v5_480x480_Back_Color-LightBlue.jpg;CafePress Eclipse Shop;;;;
t6-light-blue-xl;t6;;;product-variation;;;light blue;X-Large;;;;;;http://images.cafepress.com/product/180812762v5_48x48_Front_Color-LightBlue.jpg;http://images.cafepress.com/product/180812762v5_48x48_Back_Color-LightBlue.jpg;http://images.cafepress.com/product/180812762v5_150x150_Front_Color-LightBlue.jpg;http://images.cafepress.com/product/180812762v5_150x150_Back_Color-LightBlue.jpg;http://images.cafepress.com/product/180812762v5_480x480_Front_Color-LightBlue.jpg;http://images.cafepress.com/product/180812762v5_480x480_Back_Color-LightBlue.jpg;CafePress Eclipse Shop;;;;
t6-light-blue-xxl;t6;;;product-variation;;;light blue;2X-Large;23;;;;;http://images.cafepress.com/product/180812762v5_48x48_Front_Color-LightBlue.jpg;http://images.cafepress.com/product/180812762v5_48x48_Back_Color-LightBlue.jpg;http://images.cafepress.com/product/180812762v5_150x150_Front_Color-LightBlue.jpg;http://images.cafepress.com/product/180812762v5_150x150_Back_Color-LightBlue.jpg;http://images.cafepress.com/product/180812762v5_480x480_Front_Color-LightBlue.jpg;http://images.cafepress.com/product/180812762v5_480x480_Back_Color-LightBlue.jpg;CafePress Eclipse Shop;;;;
t6-light-blue-xxxl;t6;;;product-variation;;;light blue;3X-Large;23;;;;;http://images.cafepress.com/product/180812762v5_48x48_Front_Color-LightBlue.jpg;http://images.cafepress.com/product/180812762v5_48x48_Back_Color-LightBlue.jpg;http://images.cafepress.com/product/180812762v5_150x150_Front_Color-LightBlue.jpg;http://images.cafepress.com/product/180812762v5_150x150_Back_Color-LightBlue.jpg;http://images.cafepress.com/product/180812762v5_480x480_Front_Color-LightBlue.jpg;http://images.cafepress.com/product/180812762v5_480x480_Back_Color-LightBlue.jpg;CafePress Eclipse Shop;;;;
t7;;Eclipse Baseball Jersey;"<div><p class=""designerText"">100% cotton baseball jerseys featuring the Eclipse logo. 3/4 raglan sleeves.</p><p class=""vendorText"">Our 100% cotton Baseball Jersey is a sporty hit with both men and women whether you're in the game or just looking the part in great run-around casual-wear.  Choose red, blue or black sleeves. </p><ul><li>6.1 oz. 100% heavyweight cotton</li><li>Standard fit</li><li>3/4 length contrasting raglan sleeves</li></ul></div>";variable-product;shirts;long arms;;;20;;;;;http://images.cafepress.com/product/10725377v8_48x48_Front_Color-BlackWhite.jpg;http://images.cafepress.com/product/10725377v8_48x48_Back_Color-BlackWhite.jpg;http://images.cafepress.com/product/10725377v8_150x150_Front_Color-BlackWhite.jpg;http://images.cafepress.com/product/10725377v8_150x150_Back_Color-BlackWhite.jpg;http://images.cafepress.com/product/10725377v8_480x480_Front_Color-BlackWhite.jpg;http://images.cafepress.com/product/10725377v8_48x48_Front_Color-BlackWhite.jpg;CafePress Eclipse Shop;shirts;long arms;sportive;
t7-black-white-s;t7;;;product-variation;;;black/white;small;;;;;;http://images.cafepress.com/product/10725377v8_48x48_Front_Color-BlackWhite.jpg;http://images.cafepress.com/product/10725377v8_48x48_Back_Color-BlackWhite.jpg;http://images.cafepress.com/product/10725377v8_150x150_Front_Color-BlackWhite.jpg;http://images.cafepress.com/product/10725377v8_150x150_Back_Color-BlackWhite.jpg;http://images.cafepress.com/product/10725377v8_480x480_Front_Color-BlackWhite.jpg;http://images.cafepress.com/product/10725377v8_48x48_Front_Color-BlackWhite.jpg;CafePress Eclipse Shop;;;;
t7-black-white-m;t7;;;product-variation;;;black/white;medium;;;;;;http://images.cafepress.com/product/10725377v8_48x48_Front_Color-BlackWhite.jpg;http://images.cafepress.com/product/10725377v8_48x48_Back_Color-BlackWhite.jpg;http://images.cafepress.com/product/10725377v8_150x150_Front_Color-BlackWhite.jpg;http://images.cafepress.com/product/10725377v8_150x150_Back_Color-BlackWhite.jpg;http://images.cafepress.com/product/10725377v8_480x480_Front_Color-BlackWhite.jpg;http://images.cafepress.com/product/10725377v8_48x48_Front_Color-BlackWhite.jpg;CafePress Eclipse Shop;;;;
t7-black-white-l;t7;;;product-variation;;;black/white;large;;;;;;http://images.cafepress.com/product/10725377v8_48x48_Front_Color-BlackWhite.jpg;http://images.cafepress.com/product/10725377v8_48x48_Back_Color-BlackWhite.jpg;http://images.cafepress.com/product/10725377v8_150x150_Front_Color-BlackWhite.jpg;http://images.cafepress.com/product/10725377v8_150x150_Back_Color-BlackWhite.jpg;http://images.cafepress.com/product/10725377v8_480x480_Front_Color-BlackWhite.jpg;http://images.cafepress.com/product/10725377v8_48x48_Front_Color-BlackWhite.jpg;CafePress Eclipse Shop;;;;
t7-black-white-xl;t7;;;product-variation;;;black/white;X-Large;;;;;;http://images.cafepress.com/product/10725377v8_48x48_Front_Color-BlackWhite.jpg;http://images.cafepress.com/product/10725377v8_48x48_Back_Color-BlackWhite.jpg;http://images.cafepress.com/product/10725377v8_150x150_Front_Color-BlackWhite.jpg;http://images.cafepress.com/product/10725377v8_150x150_Back_Color-BlackWhite.jpg;http://images.cafepress.com/product/10725377v8_480x480_Front_Color-BlackWhite.jpg;http://images.cafepress.com/product/10725377v8_48x48_Front_Color-BlackWhite.jpg;CafePress Eclipse Shop;;;;
t7-black-white-xxl;t7;;;product-variation;;;black/white;2X-Large;23;;;;;http://images.cafepress.com/product/10725377v8_48x48_Front_Color-BlackWhite.jpg;http://images.cafepress.com/product/10725377v8_48x48_Back_Color-BlackWhite.jpg;http://images.cafepress.com/product/10725377v8_150x150_Front_Color-BlackWhite.jpg;http://images.cafepress.com/product/10725377v8_150x150_Back_Color-BlackWhite.jpg;http://images.cafepress.com/product/10725377v8_480x480_Front_Color-BlackWhite.jpg;http://images.cafepress.com/product/10725377v8_48x48_Front_Color-BlackWhite.jpg;CafePress Eclipse Shop;;;;
t7-red-white-s;t7;;;product-variation;;;red/white;small;;;;;;http://images.cafepress.com/product/10725377v8_48x48_Front_Color-RedWhite.jpg;http://images.cafepress.com/product/10725377v8_48x48_Back_Color-RedWhite.jpg;http://images.cafepress.com/product/10725377v8_150x150_Front_Color-RedWhite.jpg;http://images.cafepress.com/product/10725377v8_150x150_Back_Color-RedWhite.jpg;http://images.cafepress.com/product/10725377v8_480x480_Front_Color-RedWhite.jpg;http://images.cafepress.com/product/10725377v8_480x480_Back_Color-RedWhite.jpg;CafePress Eclipse Shop;;;;
t7-red-white-m;t7;;;product-variation;;;red/white;medium;;;;;;http://images.cafepress.com/product/10725377v8_48x48_Front_Color-RedWhite.jpg;http://images.cafepress.com/product/10725377v8_48x48_Back_Color-RedWhite.jpg;http://images.cafepress.com/product/10725377v8_150x150_Front_Color-RedWhite.jpg;http://images.cafepress.com/product/10725377v8_150x150_Back_Color-RedWhite.jpg;http://images.cafepress.com/product/10725377v8_480x480_Front_Color-RedWhite.jpg;http://images.cafepress.com/product/10725377v8_480x480_Back_Color-RedWhite.jpg;CafePress Eclipse Shop;;;;
t7-red-white-l;t7;;;product-variation;;;red/white;large;;;;;;http://images.cafepress.com/product/10725377v8_48x48_Front_Color-RedWhite.jpg;http://images.cafepress.com/product/10725377v8_48x48_Back_Color-RedWhite.jpg;http://images.cafepress.com/product/10725377v8_150x150_Front_Color-RedWhite.jpg;http://images.cafepress.com/product/10725377v8_150x150_Back_Color-RedWhite.jpg;http://images.cafepress.com/product/10725377v8_480x480_Front_Color-RedWhite.jpg;http://images.cafepress.com/product/10725377v8_480x480_Back_Color-RedWhite.jpg;CafePress Eclipse Shop;;;;
t7-red-white-xl;t7;;;product-variation;;;red/white;X-Large;;;;;;http://images.cafepress.com/product/10725377v8_48x48_Front_Color-RedWhite.jpg;http://images.cafepress.com/product/10725377v8_48x48_Back_Color-RedWhite.jpg;http://images.cafepress.com/product/10725377v8_150x150_Front_Color-RedWhite.jpg;http://images.cafepress.com/product/10725377v8_150x150_Back_Color-RedWhite.jpg;http://images.cafepress.com/product/10725377v8_480x480_Front_Color-RedWhite.jpg;http://images.cafepress.com/product/10725377v8_480x480_Back_Color-RedWhite.jpg;CafePress Eclipse Shop;;;;
t7-red-white-xxl;t7;;;product-variation;;;red/white;2X-Large;23;;;;;http://images.cafepress.com/product/10725377v8_48x48_Front_Color-RedWhite.jpg;http://images.cafepress.com/product/10725377v8_48x48_Back_Color-RedWhite.jpg;http://images.cafepress.com/product/10725377v8_150x150_Front_Color-RedWhite.jpg;http://images.cafepress.com/product/10725377v8_150x150_Back_Color-RedWhite.jpg;http://images.cafepress.com/product/10725377v8_480x480_Front_Color-RedWhite.jpg;http://images.cafepress.com/product/10725377v8_480x480_Back_Color-RedWhite.jpg;CafePress Eclipse Shop;;;;
t7-blue-white-s;t7;;;product-variation;;;blue/white;small;;;;;;http://images.cafepress.com/product/10725377v8_48x48_Front_Color-BlueWhite.jpg;http://images.cafepress.com/product/10725377v8_48x48_Back_Color-BlueWhite.jpg;http://images.cafepress.com/product/10725377v8_150x150_Front_Color-BlueWhite.jpg;http://images.cafepress.com/product/10725377v8_150x150_Back_Color-BlueWhite.jpg;http://images.cafepress.com/product/10725377v8_480x480_Front_Color-BlueWhite.jpg;http://images.cafepress.com/product/10725377v8_480x480_Back_Color-BlueWhite.jpg;CafePress Eclipse Shop;;;;
t7-blue-white-m;t7;;;product-variation;;;blue/white;medium;;;;;;http://images.cafepress.com/product/10725377v8_48x48_Front_Color-BlueWhite.jpg;http://images.cafepress.com/product/10725377v8_48x48_Back_Color-BlueWhite.jpg;http://images.cafepress.com/product/10725377v8_150x150_Front_Color-BlueWhite.jpg;http://images.cafepress.com/product/10725377v8_150x150_Back_Color-BlueWhite.jpg;http://images.cafepress.com/product/10725377v8_480x480_Front_Color-BlueWhite.jpg;http://images.cafepress.com/product/10725377v8_480x480_Back_Color-BlueWhite.jpg;CafePress Eclipse Shop;;;;
t7-blue-white-l;t7;;;product-variation;;;blue/white;large;;;;;;http://images.cafepress.com/product/10725377v8_48x48_Front_Color-BlueWhite.jpg;http://images.cafepress.com/product/10725377v8_48x48_Back_Color-BlueWhite.jpg;http://images.cafepress.com/product/10725377v8_150x150_Front_Color-BlueWhite.jpg;http://images.cafepress.com/product/10725377v8_150x150_Back_Color-BlueWhite.jpg;http://images.cafepress.com/product/10725377v8_480x480_Front_Color-BlueWhite.jpg;http://images.cafepress.com/product/10725377v8_480x480_Back_Color-BlueWhite.jpg;CafePress Eclipse Shop;;;;
t7-blue-white-xl;t7;;;product-variation;;;blue/white;X-Large;;;;;;http://images.cafepress.com/product/10725377v8_48x48_Front_Color-BlueWhite.jpg;http://images.cafepress.com/product/10725377v8_48x48_Back_Color-BlueWhite.jpg;http://images.cafepress.com/product/10725377v8_150x150_Front_Color-BlueWhite.jpg;http://images.cafepress.com/product/10725377v8_150x150_Back_Color-BlueWhite.jpg;http://images.cafepress.com/product/10725377v8_480x480_Front_Color-BlueWhite.jpg;http://images.cafepress.com/product/10725377v8_480x480_Back_Color-BlueWhite.jpg;CafePress Eclipse Shop;;;;
t7-blue-white-xxl;t7;;;product-variation;;;blue/white;2X-Large;23;;;;;http://images.cafepress.com/product/10725377v8_48x48_Front_Color-BlueWhite.jpg;http://images.cafepress.com/product/10725377v8_48x48_Back_Color-BlueWhite.jpg;http://images.cafepress.com/product/10725377v8_150x150_Front_Color-BlueWhite.jpg;http://images.cafepress.com/product/10725377v8_150x150_Back_Color-BlueWhite.jpg;http://images.cafepress.com/product/10725377v8_480x480_Front_Color-BlueWhite.jpg;http://images.cafepress.com/product/10725377v8_480x480_Back_Color-BlueWhite.jpg;CafePress Eclipse Shop;;;;
t8;;Eclipse Hooded Sweatshirt;"<div><p class=""designerText"">Hanes Ultimate Cotton Pullover Hood featuring the Eclipse logo. Constructed with a heavyweight 90/10 cotton/polyester blend. Thick (but not bulky), comfortable, durable and guaranteed. Standard fit.</p><p class=""vendorText"">Stay warm with our Hanes Ultimate Cotton Pullover Hood. Constructed with a heavyweight 90/10 cotton/polyester blend. Thick (but not bulky), comfortable, durable and guaranteed.   </p><ul><li>10.1 oz. patented PrintPro&#174; fabric in a 90/10 cotton/polyester blend </li>  <li>Standard fit</li>  <li> Spandex trim in cuffs and waistband </li></ul></div>";variable-product;shirts;long arms;;;20;7;standard;;;http://images.cafepress.com/product/180812763v6_48x48_Front_Color-White.jpg;http://images.cafepress.com/product/180812763v6_48x48_Back_Color-White.jpg;http://images.cafepress.com/product/180812763v6_150x150_Front_Color-White.jpg;http://images.cafepress.com/product/180812763v6_150x150_Back_Color-White.jpg;http://images.cafepress.com/product/180812763v6_480x480_Front_Color-White.jpg;http://images.cafepress.com/product/180812763v6_480x480_Back_Color-White.jpg;CafePress Eclipse Shop;shirts;long arms;warm;
t8-white-s;t8;;;product-variation;;;white;small;;;;;;http://images.cafepress.com/product/180812763v6_48x48_Front_Color-White.jpg;http://images.cafepress.com/product/180812763v6_48x48_Back_Color-White.jpg;http://images.cafepress.com/product/180812763v6_150x150_Front_Color-White.jpg;http://images.cafepress.com/product/180812763v6_150x150_Back_Color-White.jpg;http://images.cafepress.com/product/180812763v6_480x480_Front_Color-White.jpg;http://images.cafepress.com/product/180812763v6_480x480_Back_Color-White.jpg;CafePress Eclipse Shop;;;;
t8-white-m;t8;;;product-variation;;;white;medium;;;;;;http://images.cafepress.com/product/180812763v6_48x48_Front_Color-White.jpg;http://images.cafepress.com/product/180812763v6_48x48_Back_Color-White.jpg;http://images.cafepress.com/product/180812763v6_150x150_Front_Color-White.jpg;http://images.cafepress.com/product/180812763v6_150x150_Back_Color-White.jpg;http://images.cafepress.com/product/180812763v6_480x480_Front_Color-White.jpg;http://images.cafepress.com/product/180812763v6_480x480_Back_Color-White.jpg;CafePress Eclipse Shop;;;;
t8-white-l;t8;;;product-variation;;;white;large;;;;;;http://images.cafepress.com/product/180812763v6_48x48_Front_Color-White.jpg;http://images.cafepress.com/product/180812763v6_48x48_Back_Color-White.jpg;http://images.cafepress.com/product/180812763v6_150x150_Front_Color-White.jpg;http://images.cafepress.com/product/180812763v6_150x150_Back_Color-White.jpg;http://images.cafepress.com/product/180812763v6_480x480_Front_Color-White.jpg;http://images.cafepress.com/product/180812763v6_480x480_Back_Color-White.jpg;CafePress Eclipse Shop;;;;
t8-white-xl;t8;;;product-variation;;;white;X-Large;;;;;;http://images.cafepress.com/product/180812763v6_48x48_Front_Color-White.jpg;http://images.cafepress.com/product/180812763v6_48x48_Back_Color-White.jpg;http://images.cafepress.com/product/180812763v6_150x150_Front_Color-White.jpg;http://images.cafepress.com/product/180812763v6_150x150_Back_Color-White.jpg;http://images.cafepress.com/product/180812763v6_480x480_Front_Color-White.jpg;http://images.cafepress.com/product/180812763v6_480x480_Back_Color-White.jpg;CafePress Eclipse Shop;;;;
t8-white-xxl;t8;;;product-variation;;;white;2X-Large;23;;;;;http://images.cafepress.com/product/180812763v6_48x48_Front_Color-White.jpg;http://images.cafepress.com/product/180812763v6_48x48_Back_Color-White.jpg;http://images.cafepress.com/product/180812763v6_150x150_Front_Color-White.jpg;http://images.cafepress.com/product/180812763v6_150x150_Back_Color-White.jpg;http://images.cafepress.com/product/180812763v6_480x480_Front_Color-White.jpg;http://images.cafepress.com/product/180812763v6_480x480_Back_Color-White.jpg;CafePress Eclipse Shop;;;;
t8-ash-grey-s;t8;;;product-variation;;;ash grey;small;;;;;;http://images.cafepress.com/product/180812763v6_48x48_Front_Color-AshGrey.jpg;http://images.cafepress.com/product/180812763v6_48x48_Back_Color-AshGrey.jpg;http://images.cafepress.com/product/180812763v6_150x150_Front_Color-AshGrey.jpg;http://images.cafepress.com/product/180812763v6_150x150_Back_Color-AshGrey.jpg;http://images.cafepress.com/product/180812763v6_480x480_Front_Color-AshGrey.jpg;http://images.cafepress.com/product/180812763v6_480x480_Back_Color-AshGrey.jpg;CafePress Eclipse Shop;;;;
t8-ash-grey-m;t8;;;product-variation;;;ash grey;medium;;;;;;http://images.cafepress.com/product/180812763v6_48x48_Front_Color-AshGrey.jpg;http://images.cafepress.com/product/180812763v6_48x48_Back_Color-AshGrey.jpg;http://images.cafepress.com/product/180812763v6_150x150_Front_Color-AshGrey.jpg;http://images.cafepress.com/product/180812763v6_150x150_Back_Color-AshGrey.jpg;http://images.cafepress.com/product/180812763v6_480x480_Front_Color-AshGrey.jpg;http://images.cafepress.com/product/180812763v6_480x480_Back_Color-AshGrey.jpg;CafePress Eclipse Shop;;;;
t8-ash-grey-l;t8;;;product-variation;;;ash grey;large;;;;;;http://images.cafepress.com/product/180812763v6_48x48_Front_Color-AshGrey.jpg;http://images.cafepress.com/product/180812763v6_48x48_Back_Color-AshGrey.jpg;http://images.cafepress.com/product/180812763v6_150x150_Front_Color-AshGrey.jpg;http://images.cafepress.com/product/180812763v6_150x150_Back_Color-AshGrey.jpg;http://images.cafepress.com/product/180812763v6_480x480_Front_Color-AshGrey.jpg;http://images.cafepress.com/product/180812763v6_480x480_Back_Color-AshGrey.jpg;CafePress Eclipse Shop;;;;
t8-ash-grey-xl;t8;;;product-variation;;;ash grey;X-Large;;;;;;http://images.cafepress.com/product/180812763v6_48x48_Front_Color-AshGrey.jpg;http://images.cafepress.com/product/180812763v6_48x48_Back_Color-AshGrey.jpg;http://images.cafepress.com/product/180812763v6_150x150_Front_Color-AshGrey.jpg;http://images.cafepress.com/product/180812763v6_150x150_Back_Color-AshGrey.jpg;http://images.cafepress.com/product/180812763v6_480x480_Front_Color-AshGrey.jpg;http://images.cafepress.com/product/180812763v6_480x480_Back_Color-AshGrey.jpg;CafePress Eclipse Shop;;;;
t8-ash-grey-xxl;t8;;;product-variation;;;ash grey;2X-Large;23;;;;;http://images.cafepress.com/product/180812763v6_48x48_Front_Color-AshGrey.jpg;http://images.cafepress.com/product/180812763v6_48x48_Back_Color-AshGrey.jpg;http://images.cafepress.com/product/180812763v6_150x150_Front_Color-AshGrey.jpg;http://images.cafepress.com/product/180812763v6_150x150_Back_Color-AshGrey.jpg;http://images.cafepress.com/product/180812763v6_480x480_Front_Color-AshGrey.jpg;http://images.cafepress.com/product/180812763v6_480x480_Back_Color-AshGrey.jpg;CafePress Eclipse Shop;;;;
t9;;Eclipse Men's Sleeveless Tee;"<div><p class=""designerText"">100% cotton, preshrunk cotton.</p><p class=""vendorText"">Beat the summer heat or workout in comfort. Our 100% cotton sleeveless tee from Anvil is what to wear when you want to go casually cool.</p><ul><li>6.1 oz. 100% cotton</li><li>Standard fit</li></ul></div>";variable-product;shirts;sleveless;white;;20;4;standard;;;http://images.cafepress.com/product/313437232v1_48x48_Front.jpg;http://images.cafepress.com/product/313437232v1_48x48_Back.jpg;http://images.cafepress.com/product/313437232v1_150x150_Front.jpg;http://images.cafepress.com/product/313437232v1_150x150_Back.jpg;http://images.cafepress.com/product/313437232v1_480x480_Front.jpg;http://images.cafepress.com/product/313437232v1_480x480_Back.jpg;CafePress Eclipse Shop;shirts;sleveless;sportive;
t9-m;t9;;;product-variation;;;;medium;;;;;;http://images.cafepress.com/product/313437232v1_48x48_Front.jpg;http://images.cafepress.com/product/313437232v1_48x48_Back.jpg;http://images.cafepress.com/product/313437232v1_150x150_Front.jpg;http://images.cafepress.com/product/313437232v1_150x150_Back.jpg;http://images.cafepress.com/product/313437232v1_480x480_Front.jpg;http://images.cafepress.com/product/313437232v1_480x480_Back.jpg;CafePress Eclipse Shop;;;;
t9-l;t9;;;product-variation;;;;large;;;;;;http://images.cafepress.com/product/313437232v1_48x48_Front.jpg;http://images.cafepress.com/product/313437232v1_48x48_Back.jpg;http://images.cafepress.com/product/313437232v1_150x150_Front.jpg;http://images.cafepress.com/product/313437232v1_150x150_Back.jpg;http://images.cafepress.com/product/313437232v1_480x480_Front.jpg;http://images.cafepress.com/product/313437232v1_480x480_Back.jpg;CafePress Eclipse Shop;;;;
t9-xl;t9;;;product-variation;;;;X-Large;;;;;;http://images.cafepress.com/product/313437232v1_48x48_Front.jpg;http://images.cafepress.com/product/313437232v1_48x48_Back.jpg;http://images.cafepress.com/product/313437232v1_150x150_Front.jpg;http://images.cafepress.com/product/313437232v1_150x150_Back.jpg;http://images.cafepress.com/product/313437232v1_480x480_Front.jpg;http://images.cafepress.com/product/313437232v1_480x480_Back.jpg;CafePress Eclipse Shop;;;;
t10;;Eclipse Women's Tank Top;"<div><p class=""designerText"">100% 6.1 oz. ribbed, combed, ring-spun cotton. Side seamed contoured body.</p><p class=""vendorText"">Sporty and sexy, wear our women's tank top to beat the summer heat or workout in cool comfort. Our tank top is made of 100% combed ring spun cotton, and cut for a close, fashionable fit. Neck and armhole are carefully shaped to conceal a bra.</p><ul><li>6.1 oz 1x1 ribbed combed ring spun cotton</li><li>Side seamed contoured body</li><li>Standard fit</li></ul></div>";variable-product;shirts;sleveless;white;;20;3;fitted;;;http://images.cafepress.com/product/313437233v1_48x48_Front.jpg;http://images.cafepress.com/product/313437233v1_48x48_Back.jpg;http://images.cafepress.com/product/313437233v1_150x150_Front.jpg;http://images.cafepress.com/product/313437233v1_150x150_Back.jpg;http://images.cafepress.com/product/313437233v1_480x480_Front.jpg;http://images.cafepress.com/product/313437233v1_480x480_Back.jpg;CafePress Eclipse Shop;shirts;sleveless;hot;
t10-s;t10;;;product-variation;;;;small;;;;;;http://images.cafepress.com/product/313437233v1_48x48_Front.jpg;http://images.cafepress.com/product/313437233v1_48x48_Back.jpg;http://images.cafepress.com/product/313437233v1_150x150_Front.jpg;http://images.cafepress.com/product/313437233v1_150x150_Back.jpg;http://images.cafepress.com/product/313437233v1_480x480_Front.jpg;http://images.cafepress.com/product/313437233v1_480x480_Back.jpg;CafePress Eclipse Shop;;;;
t10-m;t10;;;product-variation;;;;medium;;;;;;http://images.cafepress.com/product/313437233v1_48x48_Front.jpg;http://images.cafepress.com/product/313437233v1_48x48_Back.jpg;http://images.cafepress.com/product/313437233v1_150x150_Front.jpg;http://images.cafepress.com/product/313437233v1_150x150_Back.jpg;http://images.cafepress.com/product/313437233v1_480x480_Front.jpg;http://images.cafepress.com/product/313437233v1_480x480_Back.jpg;CafePress Eclipse Shop;;;;
t10-l;t10;;;product-variation;;;;large;;;;;;http://images.cafepress.com/product/313437233v1_48x48_Front.jpg;http://images.cafepress.com/product/313437233v1_48x48_Back.jpg;http://images.cafepress.com/product/313437233v1_150x150_Front.jpg;http://images.cafepress.com/product/313437233v1_150x150_Back.jpg;http://images.cafepress.com/product/313437233v1_480x480_Front.jpg;http://images.cafepress.com/product/313437233v1_480x480_Back.jpg;CafePress Eclipse Shop;;;;
t10-xl;t10;;;product-variation;;;;X-Large;;;;;;http://images.cafepress.com/product/313437233v1_48x48_Front.jpg;http://images.cafepress.com/product/313437233v1_48x48_Back.jpg;http://images.cafepress.com/product/313437233v1_150x150_Front.jpg;http://images.cafepress.com/product/313437233v1_150x150_Back.jpg;http://images.cafepress.com/product/313437233v1_480x480_Front.jpg;http://images.cafepress.com/product/313437233v1_480x480_Back.jpg;CafePress Eclipse Shop;;;;
t10-xxl;t10;;;product-variation;;;;2X-Large;23;;;;;http://images.cafepress.com/product/313437233v1_48x48_Front.jpg;http://images.cafepress.com/product/313437233v1_48x48_Back.jpg;http://images.cafepress.com/product/313437233v1_150x150_Front.jpg;http://images.cafepress.com/product/313437233v1_150x150_Back.jpg;http://images.cafepress.com/product/313437233v1_480x480_Front.jpg;http://images.cafepress.com/product/313437233v1_480x480_Back.jpg;CafePress Eclipse Shop;;;;
t11;;Eclipse Women's Raglan Hoodie;"<div><p class=""designerText"">Preshrunk and laundered 100% combed ring-spun cotton. Mid-weight fleece with full front zipper. Ultra-soft and contoured woman's fit.</p><p class=""vendorText"">Our Women's Raglan Hoodie is sporty, stylish and ultra-soft, so it feels great against the skin. This zip up hoodie is side-seamed for a contoured fit. It's an easy way to look great after a workout, or hanging out in comfort.  </p><ul><li>Preshrunk and laundered 100% combed ring-spun cotton</li>  <li>7.5 ounce mid-weight fleece with full-front zipper</li></ul></div>";variable-product;shirts;long arms;;;30;6;standard;;;http://images.cafepress.com/product/313425693v1_48x48_Front_Color-BlackWhite.jpg;http://images.cafepress.com/product/313425693v1_48x48_Back_Color-BlackWhite.jpg;http://images.cafepress.com/product/313425693v1_150x150_Front_Color-BlackWhite.jpg;http://images.cafepress.com/product/313425693v1_150x150_Back_Color-BlackWhite.jpg;http://images.cafepress.com/product/313425693v1_480x480_Front_Color-BlackWhite.jpg;http://images.cafepress.com/product/313425693v1_480x480_Back_Color-BlackWhite.jpg;CafePress Eclipse Shop;shirts;long arms;warm;
t11-black-white-s;t11;;;product-variation;;;black/white;small;;;;;;http://images.cafepress.com/product/313425693v1_48x48_Front_Color-BlackWhite.jpg;http://images.cafepress.com/product/313425693v1_48x48_Back_Color-BlackWhite.jpg;http://images.cafepress.com/product/313425693v1_150x150_Front_Color-BlackWhite.jpg;http://images.cafepress.com/product/313425693v1_150x150_Back_Color-BlackWhite.jpg;http://images.cafepress.com/product/313425693v1_480x480_Front_Color-BlackWhite.jpg;http://images.cafepress.com/product/313425693v1_480x480_Back_Color-BlackWhite.jpg;CafePress Eclipse Shop;;;;
t11-black-white-m;t11;;;product-variation;;;black/white;medium;;;;;;http://images.cafepress.com/product/313425693v1_48x48_Front_Color-BlackWhite.jpg;http://images.cafepress.com/product/313425693v1_48x48_Back_Color-BlackWhite.jpg;http://images.cafepress.com/product/313425693v1_150x150_Front_Color-BlackWhite.jpg;http://images.cafepress.com/product/313425693v1_150x150_Back_Color-BlackWhite.jpg;http://images.cafepress.com/product/313425693v1_480x480_Front_Color-BlackWhite.jpg;http://images.cafepress.com/product/313425693v1_480x480_Back_Color-BlackWhite.jpg;CafePress Eclipse Shop;;;;
t11-black-white-l;t11;;;product-variation;;;black/white;large;;;;;;http://images.cafepress.com/product/313425693v1_48x48_Front_Color-BlackWhite.jpg;http://images.cafepress.com/product/313425693v1_48x48_Back_Color-BlackWhite.jpg;http://images.cafepress.com/product/313425693v1_150x150_Front_Color-BlackWhite.jpg;http://images.cafepress.com/product/313425693v1_150x150_Back_Color-BlackWhite.jpg;http://images.cafepress.com/product/313425693v1_480x480_Front_Color-BlackWhite.jpg;http://images.cafepress.com/product/313425693v1_480x480_Back_Color-BlackWhite.jpg;CafePress Eclipse Shop;;;;
t11-black-white-xl;t11;;;product-variation;;;black/white;X-Large;;;;;;http://images.cafepress.com/product/313425693v1_48x48_Front_Color-BlackWhite.jpg;http://images.cafepress.com/product/313425693v1_48x48_Back_Color-BlackWhite.jpg;http://images.cafepress.com/product/313425693v1_150x150_Front_Color-BlackWhite.jpg;http://images.cafepress.com/product/313425693v1_150x150_Back_Color-BlackWhite.jpg;http://images.cafepress.com/product/313425693v1_480x480_Front_Color-BlackWhite.jpg;http://images.cafepress.com/product/313425693v1_480x480_Back_Color-BlackWhite.jpg;CafePress Eclipse Shop;;;;
t11-pink-white-s;t11;;;product-variation;;;pink/white;small;;;;;;http://images.cafepress.com/product/313425693v1_48x48_Front_Color-PinkWhite.jpg;http://images.cafepress.com/product/313425693v1_48x48_Back_Color-PinkWhite.jpg;http://images.cafepress.com/product/313425693v1_150x150_Front_Color-PinkWhite.jpg;http://images.cafepress.com/product/313425693v1_150x150_Back_Color-PinkWhite.jpg;http://images.cafepress.com/product/313425693v1_480x480_Front_Color-PinkWhite.jpg;http://images.cafepress.com/product/313425693v1_480x480_Back_Color-PinkWhite.jpg;CafePress Eclipse Shop;;;;
t11-pink-white-m;t11;;;product-variation;;;pink/white;medium;;;;;;http://images.cafepress.com/product/313425693v1_48x48_Front_Color-PinkWhite.jpg;http://images.cafepress.com/product/313425693v1_48x48_Back_Color-PinkWhite.jpg;http://images.cafepress.com/product/313425693v1_150x150_Front_Color-PinkWhite.jpg;http://images.cafepress.com/product/313425693v1_150x150_Back_Color-PinkWhite.jpg;http://images.cafepress.com/product/313425693v1_480x480_Front_Color-PinkWhite.jpg;http://images.cafepress.com/product/313425693v1_480x480_Back_Color-PinkWhite.jpg;CafePress Eclipse Shop;;;;
t11-pink-white-l;t11;;;product-variation;;;pink/white;large;;;;;;http://images.cafepress.com/product/313425693v1_48x48_Front_Color-PinkWhite.jpg;http://images.cafepress.com/product/313425693v1_48x48_Back_Color-PinkWhite.jpg;http://images.cafepress.com/product/313425693v1_150x150_Front_Color-PinkWhite.jpg;http://images.cafepress.com/product/313425693v1_150x150_Back_Color-PinkWhite.jpg;http://images.cafepress.com/product/313425693v1_480x480_Front_Color-PinkWhite.jpg;http://images.cafepress.com/product/313425693v1_480x480_Back_Color-PinkWhite.jpg;CafePress Eclipse Shop;;;;
t11-pink-white-xl;t11;;;product-variation;;;pink/white;X-Large;;;;;;http://images.cafepress.com/product/313425693v1_48x48_Front_Color-PinkWhite.jpg;http://images.cafepress.com/product/313425693v1_48x48_Back_Color-PinkWhite.jpg;http://images.cafepress.com/product/313425693v1_150x150_Front_Color-PinkWhite.jpg;http://images.cafepress.com/product/313425693v1_150x150_Back_Color-PinkWhite.jpg;http://images.cafepress.com/product/313425693v1_480x480_Front_Color-PinkWhite.jpg;http://images.cafepress.com/product/313425693v1_480x480_Back_Color-PinkWhite.jpg;CafePress Eclipse Shop;;;;
t11-baby-blue-white-s;t11;;;product-variation;;;baby blue/white;small;;;;;;http://images.cafepress.com/product/313425693v1_48x48_Front_Color-BabyBlueWhite.jpg;http://images.cafepress.com/product/313425693v1_48x48_Back_Color-BabyBlueWhite.jpg;http://images.cafepress.com/product/313425693v1_150x150_Front_Color-BabyBlueWhite.jpg;http://images.cafepress.com/product/313425693v1_150x150_Back_Color-BabyBlueWhite.jpg;http://images.cafepress.com/product/313425693v1_480x480_Front_Color-BabyBlueWhite.jpg;http://images.cafepress.com/product/313425693v1_480x480_Back_Color-BabyBlueWhite.jpg;CafePress Eclipse Shop;;;;
t11-baby-blue-white-m;t11;;;product-variation;;;baby blue/white;medium;;;;;;http://images.cafepress.com/product/313425693v1_48x48_Front_Color-BabyBlueWhite.jpg;http://images.cafepress.com/product/313425693v1_48x48_Back_Color-BabyBlueWhite.jpg;http://images.cafepress.com/product/313425693v1_150x150_Front_Color-BabyBlueWhite.jpg;http://images.cafepress.com/product/313425693v1_150x150_Back_Color-BabyBlueWhite.jpg;http://images.cafepress.com/product/313425693v1_480x480_Front_Color-BabyBlueWhite.jpg;http://images.cafepress.com/product/313425693v1_480x480_Back_Color-BabyBlueWhite.jpg;CafePress Eclipse Shop;;;;
t11-baby-blue-white-l;t11;;;product-variation;;;baby blue/white;large;;;;;;http://images.cafepress.com/product/313425693v1_48x48_Front_Color-BabyBlueWhite.jpg;http://images.cafepress.com/product/313425693v1_48x48_Back_Color-BabyBlueWhite.jpg;http://images.cafepress.com/product/313425693v1_150x150_Front_Color-BabyBlueWhite.jpg;http://images.cafepress.com/product/313425693v1_150x150_Back_Color-BabyBlueWhite.jpg;http://images.cafepress.com/product/313425693v1_480x480_Front_Color-BabyBlueWhite.jpg;http://images.cafepress.com/product/313425693v1_480x480_Back_Color-BabyBlueWhite.jpg;CafePress Eclipse Shop;;;;
t11-baby-blue-white-xl;t11;;;product-variation;;;baby blue/white;X-Large;;;;;;http://images.cafepress.com/product/313425693v1_48x48_Front_Color-BabyBlueWhite.jpg;http://images.cafepress.com/product/313425693v1_48x48_Back_Color-BabyBlueWhite.jpg;http://images.cafepress.com/product/313425693v1_150x150_Front_Color-BabyBlueWhite.jpg;http://images.cafepress.com/product/313425693v1_150x150_Back_Color-BabyBlueWhite.jpg;http://images.cafepress.com/product/313425693v1_480x480_Front_Color-BabyBlueWhite.jpg;http://images.cafepress.com/product/313425693v1_480x480_Back_Color-BabyBlueWhite.jpg;CafePress Eclipse Shop;;;;
t12;;Eclipse Long Sleeve T-Shirt;"<div><p class=""designerText"">Hanes 100% preshrunk cotton t-shirt with long sleeves.</p><p class=""vendorText"">The most comfortable t-shirt ever! Our 100% cotton, Hanes Beefy-T is preshrunk, durable and guaranteed.</p><ul><li>6.1 oz. 100% luxuriously soft ring spun cotton </li><li>Standard fit</li><li>Ribbed sleeve cuffs</li></ul></div>";variable-product;shirts;long arms;;;25;4;standard;;;http://images.cafepress.com/product/313425694v1_48x48_Front_Color-White.jpg;http://images.cafepress.com/product/313425694v1_48x48_Back_Color-White.jpg;http://images.cafepress.com/product/313425694v1_150x150_Front_Color-White.jpg;http://images.cafepress.com/product/313425694v1_150x150_Back_Color-White.jpg;http://images.cafepress.com/product/313425694v1_480x480_Front_Color-White.jpg;http://images.cafepress.com/product/313425694v1_480x480_Back_Color-White.jpg;CafePress Eclipse Shop;shirts;long arms;pleasant;
t12-white-s;t12;;;product-variation;;;white;small;;;;;;http://images.cafepress.com/product/313425694v1_48x48_Front_Color-White.jpg;http://images.cafepress.com/product/313425694v1_48x48_Back_Color-White.jpg;http://images.cafepress.com/product/313425694v1_150x150_Front_Color-White.jpg;http://images.cafepress.com/product/313425694v1_150x150_Back_Color-White.jpg;http://images.cafepress.com/product/313425694v1_480x480_Front_Color-White.jpg;http://images.cafepress.com/product/313425694v1_480x480_Back_Color-White.jpg;CafePress Eclipse Shop;;;;
t12-white-m;t12;;;product-variation;;;white;medium;;;;;;http://images.cafepress.com/product/313425694v1_48x48_Front_Color-White.jpg;http://images.cafepress.com/product/313425694v1_48x48_Back_Color-White.jpg;http://images.cafepress.com/product/313425694v1_150x150_Front_Color-White.jpg;http://images.cafepress.com/product/313425694v1_150x150_Back_Color-White.jpg;http://images.cafepress.com/product/313425694v1_480x480_Front_Color-White.jpg;http://images.cafepress.com/product/313425694v1_480x480_Back_Color-White.jpg;CafePress Eclipse Shop;;;;
t12-white-l;t12;;;product-variation;;;white;large;;;;;;http://images.cafepress.com/product/313425694v1_48x48_Front_Color-White.jpg;http://images.cafepress.com/product/313425694v1_48x48_Back_Color-White.jpg;http://images.cafepress.com/product/313425694v1_150x150_Front_Color-White.jpg;http://images.cafepress.com/product/313425694v1_150x150_Back_Color-White.jpg;http://images.cafepress.com/product/313425694v1_480x480_Front_Color-White.jpg;http://images.cafepress.com/product/313425694v1_480x480_Back_Color-White.jpg;CafePress Eclipse Shop;;;;
t12-white-xl;t12;;;product-variation;;;white;X-Large;;;;;;http://images.cafepress.com/product/313425694v1_48x48_Front_Color-White.jpg;http://images.cafepress.com/product/313425694v1_48x48_Back_Color-White.jpg;http://images.cafepress.com/product/313425694v1_150x150_Front_Color-White.jpg;http://images.cafepress.com/product/313425694v1_150x150_Back_Color-White.jpg;http://images.cafepress.com/product/313425694v1_480x480_Front_Color-White.jpg;http://images.cafepress.com/product/313425694v1_480x480_Back_Color-White.jpg;CafePress Eclipse Shop;;;;
t12-white-xxl;t12;;;product-variation;;;white;2X-Large;28;;;;;http://images.cafepress.com/product/313425694v1_48x48_Front_Color-White.jpg;http://images.cafepress.com/product/313425694v1_48x48_Back_Color-White.jpg;http://images.cafepress.com/product/313425694v1_150x150_Front_Color-White.jpg;http://images.cafepress.com/product/313425694v1_150x150_Back_Color-White.jpg;http://images.cafepress.com/product/313425694v1_480x480_Front_Color-White.jpg;http://images.cafepress.com/product/313425694v1_480x480_Back_Color-White.jpg;CafePress Eclipse Shop;;;;
t12-white-xxxl;t12;;;product-variation;;;white;3X-Large;28;;;;;http://images.cafepress.com/product/313425694v1_48x48_Front_Color-White.jpg;http://images.cafepress.com/product/313425694v1_48x48_Back_Color-White.jpg;http://images.cafepress.com/product/313425694v1_150x150_Front_Color-White.jpg;http://images.cafepress.com/product/313425694v1_150x150_Back_Color-White.jpg;http://images.cafepress.com/product/313425694v1_480x480_Front_Color-White.jpg;http://images.cafepress.com/product/313425694v1_480x480_Back_Color-White.jpg;CafePress Eclipse Shop;;;;
t12-ash-grey-s;t12;;;product-variation;;;ash grey;small;;;;;;http://images.cafepress.com/product/313425694v1_48x48_Front_Color-AshGrey.jpg;http://images.cafepress.com/product/313425694v1_48x48_Back_Color-AshGrey.jpg;http://images.cafepress.com/product/313425694v1_150x150_Front_Color-AshGrey.jpg;http://images.cafepress.com/product/313425694v1_150x150_Back_Color-AshGrey.jpg;http://images.cafepress.com/product/313425694v1_480x480_Front_Color-AshGrey.jpg;http://images.cafepress.com/product/313425694v1_480x480_Back_Color-AshGrey.jpg;CafePress Eclipse Shop;;;;
t12-ash-grey-m;t12;;;product-variation;;;ash grey;medium;;;;;;http://images.cafepress.com/product/313425694v1_48x48_Front_Color-AshGrey.jpg;http://images.cafepress.com/product/313425694v1_48x48_Back_Color-AshGrey.jpg;http://images.cafepress.com/product/313425694v1_150x150_Front_Color-AshGrey.jpg;http://images.cafepress.com/product/313425694v1_150x150_Back_Color-AshGrey.jpg;http://images.cafepress.com/product/313425694v1_480x480_Front_Color-AshGrey.jpg;http://images.cafepress.com/product/313425694v1_480x480_Back_Color-AshGrey.jpg;CafePress Eclipse Shop;;;;
t12-ash-grey-l;t12;;;product-variation;;;ash grey;large;;;;;;http://images.cafepress.com/product/313425694v1_48x48_Front_Color-AshGrey.jpg;http://images.cafepress.com/product/313425694v1_48x48_Back_Color-AshGrey.jpg;http://images.cafepress.com/product/313425694v1_150x150_Front_Color-AshGrey.jpg;http://images.cafepress.com/product/313425694v1_150x150_Back_Color-AshGrey.jpg;http://images.cafepress.com/product/313425694v1_480x480_Front_Color-AshGrey.jpg;http://images.cafepress.com/product/313425694v1_480x480_Back_Color-AshGrey.jpg;CafePress Eclipse Shop;;;;
t12-ash-grey-xl;t12;;;product-variation;;;ash grey;X-Large;;;;;;http://images.cafepress.com/product/313425694v1_48x48_Front_Color-AshGrey.jpg;http://images.cafepress.com/product/313425694v1_48x48_Back_Color-AshGrey.jpg;http://images.cafepress.com/product/313425694v1_150x150_Front_Color-AshGrey.jpg;http://images.cafepress.com/product/313425694v1_150x150_Back_Color-AshGrey.jpg;http://images.cafepress.com/product/313425694v1_480x480_Front_Color-AshGrey.jpg;http://images.cafepress.com/product/313425694v1_480x480_Back_Color-AshGrey.jpg;CafePress Eclipse Shop;;;;
t12-ash-grey-xxl;t12;;;product-variation;;;ash grey;2X-Large;28;;;;;http://images.cafepress.com/product/313425694v1_48x48_Front_Color-AshGrey.jpg;http://images.cafepress.com/product/313425694v1_48x48_Back_Color-AshGrey.jpg;http://images.cafepress.com/product/313425694v1_150x150_Front_Color-AshGrey.jpg;http://images.cafepress.com/product/313425694v1_150x150_Back_Color-AshGrey.jpg;http://images.cafepress.com/product/313425694v1_480x480_Front_Color-AshGrey.jpg;http://images.cafepress.com/product/313425694v1_480x480_Back_Color-AshGrey.jpg;CafePress Eclipse Shop;;;;
t12-ash-grey-xxxl;t12;;;product-variation;;;ash grey;3X-Large;28;;;;;http://images.cafepress.com/product/313425694v1_48x48_Front_Color-AshGrey.jpg;http://images.cafepress.com/product/313425694v1_48x48_Back_Color-AshGrey.jpg;http://images.cafepress.com/product/313425694v1_150x150_Front_Color-AshGrey.jpg;http://images.cafepress.com/product/313425694v1_150x150_Back_Color-AshGrey.jpg;http://images.cafepress.com/product/313425694v1_480x480_Front_Color-AshGrey.jpg;http://images.cafepress.com/product/313425694v1_480x480_Back_Color-AshGrey.jpg;CafePress Eclipse Shop;;;;
t13;;Eclipse Women's Long Sleeve T-Shirt;"<div><p class=""designerText"">Mid-weight 100% soft, combed, ring-spun cotton. Side seamed contoured shape.</p><p class=""vendorText"">Our 100% cotton, women's long sleeve tee is preshrunk, durable and guaranteed.  Constructed of mid-weight jersey, it's just the right weight for layering.  Side seamed construction provides a perfect shape, for a contoured but loose fit.</p><ul><li>5.5 oz. 100% luxuriously soft combed ring spun cotton</li><li>Standard fit</li><li>Side seamed contoured shape</li></ul></div>";variable-product;shirts;long arms;white;;25;3;standard;;;http://images.cafepress.com/product/313437234v1_48x48_Front.jpg;http://images.cafepress.com/product/313437234v1_48x48_Back.jpg;http://images.cafepress.com/product/313437234v1_150x150_Front.jpg;http://images.cafepress.com/product/313437234v1_150x150_Back.jpg;http://images.cafepress.com/product/313437234v1_480x480_Front.jpg;http://images.cafepress.com/product/313437234v1_480x480_Back.jpg;CafePress Eclipse Shop;shirts;long arms;comfortable;
t13-s;t13;;;product-variation;;;;small;;;;;;;;;;;;CafePress Eclipse Shop;;;;
t13-m;t13;;;product-variation;;;;medium;;;;;;;;;;;;CafePress Eclipse Shop;;;;
t13-l;t13;;;product-variation;;;;large;;;;;;;;;;;;CafePress Eclipse Shop;;;;
t13-xl;t13;;;product-variation;;;;X-Large;;;;;;;;;;;;CafePress Eclipse Shop;;;;
t13-xxl;t13;;;product-variation;;;;2X-Large;28;;;;;;;;;;;CafePress Eclipse Shop;;;;
t14;;Eclipse Sweatshirt;"<div><p class=""designerText"">90% cotton/10% polyester Hanes sweatshirt. Spandex trim in cuffs and waistband.</p><p class=""vendorText"">Warm up in our stylin' Hanes Heavyweight 90/10 cotton/polyester sweatshirt. Thick (but not bulky), for maximum comfort and durability whether you're working out or hanging out.   </p><ul><li>10.1 oz. patented PrintPro&#174; fabric in a 90/10 cotton/polyester blend </li><li>Standard fit</li> <li>Spandex trim in cuffs and waistband </li></ul></div>";variable-product;shirts;long arms;;;25;7;standard;;;http://images.cafepress.com/product/313437235v1_48x48_Front_Color-White.jpg;http://images.cafepress.com/product/313437235v1_48x48_Back_Color-White.jpg;http://images.cafepress.com/product/313437235v1_150x150_Front_Color-White.jpg;http://images.cafepress.com/product/313437235v1_150x150_Back_Color-White.jpg;http://images.cafepress.com/product/313437235v1_480x480_Front_Color-White.jpg;http://images.cafepress.com/product/313437235v1_480x480_Back_Color-White.jpg;CafePress Eclipse Shop;shirts;long arms;comfortable;
t14-white-s;t14;;;product-variation;;;white;small;;;;;;http://images.cafepress.com/product/313437235v1_48x48_Front_Color-White.jpg;http://images.cafepress.com/product/313437235v1_48x48_Back_Color-White.jpg;http://images.cafepress.com/product/313437235v1_150x150_Front_Color-White.jpg;http://images.cafepress.com/product/313437235v1_150x150_Back_Color-White.jpg;http://images.cafepress.com/product/313437235v1_480x480_Front_Color-White.jpg;http://images.cafepress.com/product/313437235v1_480x480_Back_Color-White.jpg;CafePress Eclipse Shop;;;;
t14-white-m;t14;;;product-variation;;;white;medium;;;;;;http://images.cafepress.com/product/313437235v1_48x48_Front_Color-White.jpg;http://images.cafepress.com/product/313437235v1_48x48_Back_Color-White.jpg;http://images.cafepress.com/product/313437235v1_150x150_Front_Color-White.jpg;http://images.cafepress.com/product/313437235v1_150x150_Back_Color-White.jpg;http://images.cafepress.com/product/313437235v1_480x480_Front_Color-White.jpg;http://images.cafepress.com/product/313437235v1_480x480_Back_Color-White.jpg;CafePress Eclipse Shop;;;;
t14-white-l;t14;;;product-variation;;;white;large;;;;;;http://images.cafepress.com/product/313437235v1_48x48_Front_Color-White.jpg;http://images.cafepress.com/product/313437235v1_48x48_Back_Color-White.jpg;http://images.cafepress.com/product/313437235v1_150x150_Front_Color-White.jpg;http://images.cafepress.com/product/313437235v1_150x150_Back_Color-White.jpg;http://images.cafepress.com/product/313437235v1_480x480_Front_Color-White.jpg;http://images.cafepress.com/product/313437235v1_480x480_Back_Color-White.jpg;CafePress Eclipse Shop;;;;
t14-white-xl;t14;;;product-variation;;;white;X-Large;;;;;;http://images.cafepress.com/product/313437235v1_48x48_Front_Color-White.jpg;http://images.cafepress.com/product/313437235v1_48x48_Back_Color-White.jpg;http://images.cafepress.com/product/313437235v1_150x150_Front_Color-White.jpg;http://images.cafepress.com/product/313437235v1_150x150_Back_Color-White.jpg;http://images.cafepress.com/product/313437235v1_480x480_Front_Color-White.jpg;http://images.cafepress.com/product/313437235v1_480x480_Back_Color-White.jpg;CafePress Eclipse Shop;;;;
t14-white-xxl;t14;;;product-variation;;;white;2X-Large;28;;;;;http://images.cafepress.com/product/313437235v1_48x48_Front_Color-White.jpg;http://images.cafepress.com/product/313437235v1_48x48_Back_Color-White.jpg;http://images.cafepress.com/product/313437235v1_150x150_Front_Color-White.jpg;http://images.cafepress.com/product/313437235v1_150x150_Back_Color-White.jpg;http://images.cafepress.com/product/313437235v1_480x480_Front_Color-White.jpg;http://images.cafepress.com/product/313437235v1_480x480_Back_Color-White.jpg;CafePress Eclipse Shop;;;;
t14-ash-grey-s;t14;;;product-variation;;;ash grey;small;;;;;;http://images.cafepress.com/product/313437235v1_48x48_Front_Color-AshGrey.jpg;http://images.cafepress.com/product/313437235v1_48x48_Back_Color-AshGrey.jpg;http://images.cafepress.com/product/313437235v1_150x150_Front_Color-AshGrey.jpg;http://images.cafepress.com/product/313437235v1_150x150_Back_Color-AshGrey.jpg;http://images.cafepress.com/product/313437235v1_480x480_Front_Color-AshGrey.jpg;http://images.cafepress.com/product/313437235v1_480x480_Back_Color-AshGrey.jpg;CafePress Eclipse Shop;;;;
t14-ash-grey-m;t14;;;product-variation;;;ash grey;medium;;;;;;http://images.cafepress.com/product/313437235v1_48x48_Front_Color-AshGrey.jpg;http://images.cafepress.com/product/313437235v1_48x48_Back_Color-AshGrey.jpg;http://images.cafepress.com/product/313437235v1_150x150_Front_Color-AshGrey.jpg;http://images.cafepress.com/product/313437235v1_150x150_Back_Color-AshGrey.jpg;http://images.cafepress.com/product/313437235v1_480x480_Front_Color-AshGrey.jpg;http://images.cafepress.com/product/313437235v1_480x480_Back_Color-AshGrey.jpg;CafePress Eclipse Shop;;;;
t14-ash-grey-l;t14;;;product-variation;;;ash grey;large;;;;;;http://images.cafepress.com/product/313437235v1_48x48_Front_Color-AshGrey.jpg;http://images.cafepress.com/product/313437235v1_48x48_Back_Color-AshGrey.jpg;http://images.cafepress.com/product/313437235v1_150x150_Front_Color-AshGrey.jpg;http://images.cafepress.com/product/313437235v1_150x150_Back_Color-AshGrey.jpg;http://images.cafepress.com/product/313437235v1_480x480_Front_Color-AshGrey.jpg;http://images.cafepress.com/product/313437235v1_480x480_Back_Color-AshGrey.jpg;CafePress Eclipse Shop;;;;
t14-ash-grey-xl;t14;;;product-variation;;;ash grey;X-Large;;;;;;http://images.cafepress.com/product/313437235v1_48x48_Front_Color-AshGrey.jpg;http://images.cafepress.com/product/313437235v1_48x48_Back_Color-AshGrey.jpg;http://images.cafepress.com/product/313437235v1_150x150_Front_Color-AshGrey.jpg;http://images.cafepress.com/product/313437235v1_150x150_Back_Color-AshGrey.jpg;http://images.cafepress.com/product/313437235v1_480x480_Front_Color-AshGrey.jpg;http://images.cafepress.com/product/313437235v1_480x480_Back_Color-AshGrey.jpg;CafePress Eclipse Shop;;;;
t14-ash-grey-xxl;t14;;;product-variation;;;ash grey;2X-Large;28;;;;;http://images.cafepress.com/product/313437235v1_48x48_Front_Color-AshGrey.jpg;http://images.cafepress.com/product/313437235v1_48x48_Back_Color-AshGrey.jpg;http://images.cafepress.com/product/313437235v1_150x150_Front_Color-AshGrey.jpg;http://images.cafepress.com/product/313437235v1_150x150_Back_Color-AshGrey.jpg;http://images.cafepress.com/product/313437235v1_480x480_Front_Color-AshGrey.jpg;http://images.cafepress.com/product/313437235v1_480x480_Back_Color-AshGrey.jpg;CafePress Eclipse Shop;;;;
a1;;Eclipse Black Cap;"<div><p class=""designerText"">Structured black cap featuring the Eclipse logo.</p><p class=""vendorText"">Top it off in our structured black cap made of sturdy, durable brushed canvas. 100% cotton breathes for year-round comfort. Adjustable closure with a low profile crown. Images are permanently adhered with a sturdy patch. Look cool on bad hair days or when shading your eyes from the sun. One size fits most.</p><ul><li>Adjusts from 20"" to 24"" </li> <li>Crown measures 3 &frac14;""</li><li>Structured 100% brushed cotton canvas</li><li>Permanently adhered polyester patch</li></ul></div>";product;accessories;;black;;16;;;;;http://images.cafepress.com/product/10725368v4_48x48_Front.jpg;;http://images.cafepress.com/product/10725368v4_150x150_Front.jpg;;http://images.cafepress.com/product/10725368v4_480x480_Front.jpg;;CafePress Eclipse Shop;accessories;cool;sunscreen;
a2;;Eclipse Messenger Bag;"<div><p class=""designerText"">Stylish bag featuring the Eclipse logo.</p><p class=""vendorText"">From school, to carrying your laptop, to a hip alternative diaper bag, our versatile, spacious messenger bag is practically all you need to get you through every stage of your life  and look hip doing it.</p><ul><li>One front adjustable clasp closure.</li><li>Main compartment has inside slip pocket.</li><li>Front panel has zipper compartment.</li><li>600 Denier Polyester</li><li>Size: 14 1/2"" x 12"" x 5""</li></ul></div>";product;accessories;;yellow;;20;;;;;http://images.cafepress.com/product/10747279v3_48x48_Front.jpg;;http://images.cafepress.com/product/10747279v3_150x150_Front.jpg;;http://images.cafepress.com/product/10747279v3_480x480_Front.jpg;;CafePress Eclipse Shop;accessories;fancy;functional ;featured
a3;;Eclipse Tote Bag;"<div><p class=""designerText"">100% cotton canvas with extra long handles. Measures 15&quot; x 18&quot; x 6&quot;.</p><p class=""vendorText"">Our 100% cotton canvas tote bags have plenty of room to carry everything you need when you are on the go. They include a bottom gusset and extra long handles for easy carrying.  </p><ul><li>10 oz heavyweight natural canvas fabric</li><li>Full side and bottom gusset</li><li>22"" reinforced self-fabric handles</li><li>Machine washable</li><li>Measures 15"" x 18"" x 6""</li></ul></div>";product;accessories;;beige;;15;;;;;http://images.cafepress.com/product/313440443v1_48x48_Front.jpg;;http://images.cafepress.com/product/313440443v1_150x150_Front.jpg;;http://images.cafepress.com/product/313440443v1_480x480_Front.jpg;;CafePress Eclipse Shop;accessories;shopping;functional ;
a4;;Eclipse Journal;"<div><p class=""designerText"">Wire bound, 160-page journal. 5&quot; x 8&quot; with 24 lb. bond paper. Front cover is laminated for durabillity and back cover is thin black flexible plastic.</p><p class=""vendorText"">Scribble important stuff - lyrics, recipes, addresses, and more. Our Wire-O bound, 160 page journal has your choice of papers and measures 5"" x 8"", a handy on-the-go size to fit in your backpack. Get creative and let the muse flow. </p><ul><li>Back cover made of thin black flexible textured plastic, measures 16/1000"" thick </li><li>Front cover made of 12pt glossy paper, laminated for durability</li><li>Filled with your choice of 60lb bookweight (24 lb bond) paper -- blank, dot grid, lined college-ruled, or a task journal.</li></ul></div>";variable-product;accessories;;white;;15;;;;;http://images.cafepress.com/product/313420036v1_48x48_Front.jpg;;http://images.cafepress.com/product/313420036v1_150x150_Front.jpg;;http://images.cafepress.com/product/313420036v1_480x480_Front.jpg;;CafePress Eclipse Shop;accessories;scheduler;functional ;featured
a4-task-journal;a4;;;product-variation;;;;;;;;task journal;;;;;;;;CafePress Eclipse Shop;;;;
a4-dot-grid;a4;;;product-variation;;;;;;;;dot grid;;;;;;;;CafePress Eclipse Shop;;;;
a4-lined;a4;;;product-variation;;;;;;;;lined;;;;;;;;CafePress Eclipse Shop;;;;
a4-blank;a4;;;product-variation;;;;;;;;blank;;;;;;;;CafePress Eclipse Shop;;;;
a5;;Eclipse Wall Clock;"<div><p class=""designerText"">10&quot; wall clock. Black plastic case. Includes 1 AA battery.</p><p class=""vendorText"">Decorate any room in your home or office with our 10 inch wall clock.  Black plastic case.  Requires 1 AA battery (included).</p></div>";product;accessories;;black/white;;15;;;;;http://images.cafepress.com/product/313420037v1_48x48_Front.jpg;;http://images.cafepress.com/product/313420037v1_150x150_Front.jpg;;http://images.cafepress.com/product/313420037v1_480x480_Front.jpg;;CafePress Eclipse Shop;accessories;firm;artless;
a6;;Eclipse Sticker (Oval);"<div><p class=""designerText"">Sticker printed on 4mil vinyl using water and UV resistant inks, meaning no fading in the sun or bleeding in the rain. Featuring the Eclipse logo.</p><p class=""vendorText"">Our stickers are printed on 4mil vinyl using water and UV resistant inks &#150; meaning no fading in the sun or bleeding in the rain.</p><ul><li> Measures 3&quot; x 5&quot; oval</li><li> Printed on durable 4mil vinyl</li></ul></div>";product;accessories;;black;;3.5;;;;;http://images.cafepress.com/product/180812764v5_48x48_Front.jpg;;http://images.cafepress.com/product/180812764v5_150x150_Front.jpg;;http://images.cafepress.com/product/180812764v5_480x480_Front.jpg;;CafePress Eclipse Shop;accessories;adhesive;prettifying;
a7;;Eclipse Mini Button (10 pack);"<div><p class=""designerText"">1&quot; diameter, metal shell button. Mylar/UV protecting cover and pinned metal back.</p><p class=""vendorText"">Add fun accents to jackets, backpacks, or mix 'n match our Mini Buttons. Our Mini Buttons are the perfect size for trading and collecting. Pin 'em on!</p><ul><li>1 inch diameter</li><li>Metal shell</li><li>Mylar/UV protecting cover</li><li>Pinned metal back</li></ul></div>";product;accessories;;white;;10;;;;;http://images.cafepress.com/product/313420035v1_48x48_Front.jpg;;http://images.cafepress.com/product/313420035v1_150x150_Front.jpg;;http://images.cafepress.com/product/313420035v1_480x480_Front.jpg;;CafePress Eclipse Shop;accessories;cool;backpack;
a8;;Eclipse Note Cards (Pk of 10);"<div><p class=""designerText"">7&quot; x 5&quot; blank note cards.</p><p class=""vendorText"">Greeting cards are for more than holidays; they are a great way to express yourself and to keep in touch with friends and family. A personal note on a beautiful card will make a lasting impression and a touching keepsake.</p><ul><li>Available in your choice of paper stock</li><li class=""nobulletitem""></p><ul><li>High quality, chlorine and acid free matte paper consisting of 30% post consumer waste and 50% total recycled fiber</li><li>Twelve point, one-sided glossy paper</li></ul></li><li>Ten cards per package/envelopes included</li><li>Measures 5"" X 7""</li></ul></div></div>";variable-product;accessories;;white;;15;;;;;http://images.cafepress.com/product/313440444v2_48x48_Front.jpg;http://images.cafepress.com/product/313440444v2_48x48_Inside.jpg;http://images.cafepress.com/product/313440444v2_150x150_Front.jpg;http://images.cafepress.com/product/313440444v2_150x150_Inside.jpg;http://images.cafepress.com/product/313440444v2_480x480_Front.jpg;http://images.cafepress.com/product/313440444v2_480x480_Inside.jpg;CafePress Eclipse Shop;accessories;small;functional ;
a8-matte;a8;;;product-variation;;;;;;;;;matte;;;;;;;CafePress Eclipse Shop;;;;
a8-glossy;a8;;;product-variation;;;;;;;;;glossy;;;;;;;CafePress Eclipse Shop;;;;
u1;;Eclipse Boxer Shorts;"<div><p class=""designerText"">100% cotton, open fly boxers from Robinson Apparel, featuring the Eclipse logo. Elastic waist band.</p><p class=""vendorText"">Enjoy the roomy comfort of our sexy boxers as underwear or sleepwear. They're 100% cotton, open fly for thinking outside the boxers. Boxers, because you don't want to be brief.</p></div>";variable-product;underwear;;white;;15;2;standard;;;http://images.cafepress.com/product/10745485v6_48x48_Front.jpg;;http://images.cafepress.com/product/10745485v6_150x150_Front.jpg;;http://images.cafepress.com/product/10745485v6_480x480_Front.jpg;;CafePress Eclipse Shop;underwear;sexy;sportive;
u1-s;u1;;;product-variation;;;;small;;;;;;;;;;;;CafePress Eclipse Shop;;;;
u1-m;u1;;;product-variation;;;;medium;;;;;;;;;;;;CafePress Eclipse Shop;;;;
u1-l;u1;;;product-variation;;;;large;;;;;;;;;;;;CafePress Eclipse Shop;;;;
u1-xl;u1;;;product-variation;;;;X-Large;;;;;;;;;;;;CafePress Eclipse Shop;;;;
g1;;Eclipse - Large Mug;"<div><p class=""designerText"">15oz ceramic mug featuring the Eclipse logo. Large handle for easy grasping. Dishwasher and microwave safe. Guaranteed.</p><p class=""vendorText"">Super-size your favorite beverage or just size-up to avoid spills with our hefty, 15 oz. ceramic Large Mug. Large easy-grip handle. When you need more, mug it up. </p><ul><li>Measures 4.5"" tall, 3.25"" diameter</li><li>Dishwasher and microwave safe</li></ul></div>";product;gifts;;white;;15;;;;;http://images.cafepress.com/product/10745532v5_48x48_Front.jpg;http://images.cafepress.com/product/10745532v5_48x48_Back.jpg;http://images.cafepress.com/product/10745532v5_150x150_Front.jpg;http://images.cafepress.com/product/10745532v5_150x150_Back.jpg;http://images.cafepress.com/product/10745532v5_480x480_Front.jpg;http://images.cafepress.com/product/10745532v5_480x480_Back.jpg;CafePress Eclipse Shop;gifts;coffee;tee;featured
g2;;Eclipse Ceramic Travel Mug;"<div><p class=""designerText"">Ceramic outer shell with stainless steel inner-sleeve. 7&quot; tall and holds 15 oz. Fits its into most vehicle cub holders. Gasket-sealed lid with snap tight closure.</p><p class=""vendorText"">Love style? Then drink this up, because our eye &#45;catching ceramic tumbler is a work of art. Plus it&#39;s also a workhorse &#45;&#45; thanks to a solid design with steel inner-sleeve that&#39;s ideal for hot or cold beverages. Holding a full 15 oz. and fitting into most vehicle&#39;s cup holders &#40;includes snap&#45;tight lid&#41;, it&#39;s also a great choice for travel.</p><ul><li> Measures 7&#34; tall</li><li>Holds 15 oz.</li><li>Ceramic outer shell, with stainless steel inner sleeve</li><li>Gasket-sealed lid, with snap tight closure </li><li>Hand wash only </li></ul></div>";product;gifts;;white;;20;;;;;http://images.cafepress.com/product/313420041v1_48x48_Front.jpg;;http://images.cafepress.com/product/313420041v1_150x150_Front.jpg;;http://images.cafepress.com/product/313420041v1_480x480_Front.jpg;;CafePress Eclipse Shop;gifts;robust;functional ;featured
g3;;Eclipse Stein;"<div><p class=""designerText"">22 oz. ceramic stein with gold trim.</p><p class=""vendorText"">Heft a cold one in this 22 oz. ceramic stein with gold trim. A great usable alternative to the trophy.  Make any day Oktoberfest whether with this impressive stein on the shelf or in-hand. Cheers!</p><ul><li>Measures 6.75"" tall, 3.75"" diameter base, 3"" diameter rim</li><li>Dishwasher and microwave safe</li></ul></div>";product;gifts;;white;;15;;;;;http://images.cafepress.com/product/313437236v2_48x48_Front.jpg;http://images.cafepress.com/product/313437236v2_48x48_Back.jpg;http://images.cafepress.com/product/313437236v2_150x150_Front.jpg;http://images.cafepress.com/product/313437236v2_150x150_Back.jpg;http://images.cafepress.com/product/313437236v2_480x480_Front.jpg;http://images.cafepress.com/product/313437236v2_480x480_Back.jpg;CafePress Eclipse Shop;gifts;beer;robust;featured
;;;;;;;;;;;;;;;;;;;;;;;;
;;;;;;;;;;;;;;;;;;;;;;;;
;;;;;;;;;;;;;;;;;;;;;;;;
